-- phpMyAdmin SQL Dump
-- version 4.9.5deb2
-- https://www.phpmyadmin.net/
--
-- Host: localhost:3306
-- Generation Time: May 10, 2020 at 11:27 AM
-- Server version: 10.3.22-MariaDB-1ubuntu1
-- PHP Version: 7.4.5

SET SQL_MODE = "NO_AUTO_VALUE_ON_ZERO";
SET AUTOCOMMIT = 0;
START TRANSACTION;
SET time_zone = "+00:00";


/*!40101 SET @OLD_CHARACTER_SET_CLIENT=@@CHARACTER_SET_CLIENT */;
/*!40101 SET @OLD_CHARACTER_SET_RESULTS=@@CHARACTER_SET_RESULTS */;
/*!40101 SET @OLD_COLLATION_CONNECTION=@@COLLATION_CONNECTION */;
/*!40101 SET NAMES utf8mb4 */;

--
-- Database: `dblms`
--

-- --------------------------------------------------------

--
-- Table structure for table `category`
--

CREATE TABLE `category` (
  `id` int(11) UNSIGNED NOT NULL,
  `code` varchar(255) COLLATE utf8_unicode_ci DEFAULT NULL,
  `name` varchar(255) COLLATE utf8_unicode_ci DEFAULT NULL,
  `parent` int(11) DEFAULT 0,
  `slug` varchar(255) COLLATE utf8_unicode_ci DEFAULT NULL,
  `date_added` int(11) DEFAULT NULL,
  `last_modified` int(11) DEFAULT NULL,
  `font_awesome_class` varchar(255) COLLATE utf8_unicode_ci DEFAULT NULL,
  `thumbnail` varchar(255) COLLATE utf8_unicode_ci DEFAULT NULL
) ENGINE=InnoDB DEFAULT CHARSET=utf8 COLLATE=utf8_unicode_ci;

--
-- Dumping data for table `category`
--

INSERT INTO `category` (`id`, `code`, `name`, `parent`, `slug`, `date_added`, `last_modified`, `font_awesome_class`, `thumbnail`) VALUES
(1, '99838333a1', 'soft skill', 0, 'soft-skill', 1579561200, NULL, 'fas fa-chess', 'category-thumbnail.png'),
(2, '2af7ef5b2a', 'Communication Skills', 1, 'communication-skills', 1579561200, NULL, NULL, NULL),
(3, NULL, NULL, NULL, 'n-a', 1583535600, NULL, 'fas fa-chess', 'category-thumbnail.png');

-- --------------------------------------------------------

--
-- Table structure for table `ci_sessions`
--

CREATE TABLE `ci_sessions` (
  `id` varchar(40) COLLATE utf8_unicode_ci NOT NULL,
  `ip_address` varchar(45) COLLATE utf8_unicode_ci NOT NULL,
  `timestamp` int(10) UNSIGNED NOT NULL DEFAULT 0,
  `data` blob NOT NULL
) ENGINE=InnoDB DEFAULT CHARSET=utf8 COLLATE=utf8_unicode_ci;

--
-- Dumping data for table `ci_sessions`
--

INSERT INTO `ci_sessions` (`id`, `ip_address`, `timestamp`, `data`) VALUES
('rg97rqfh1k0vmtlposcdimtork1q5lnh', '::1', 1579662419, 0x5f5f63695f6c6173745f726567656e65726174657c693a313537393636323431393b636172745f6974656d737c613a303a7b7d),
('ki4mc8aia28vo3r6c7df25nhtoa1c079', '::1', 1579663426, 0x5f5f63695f6c6173745f726567656e65726174657c693a313537393636333432363b636172745f6974656d737c613a303a7b7d757365725f69647c733a313a2232223b726f6c655f69647c733a313a2232223b726f6c657c733a343a2255736572223b6e616d657c733a31383a22416469747961204e6f6f726d616e73796168223b757365725f6c6f67696e7c733a313a2231223b),
('egu55kbf1sbotsl1h4kiheckdteghsfs', '::1', 1579663747, 0x5f5f63695f6c6173745f726567656e65726174657c693a313537393636333734373b636172745f6974656d737c613a303a7b7d757365725f69647c733a313a2232223b726f6c655f69647c733a313a2232223b726f6c657c733a343a2255736572223b6e616d657c733a31383a22416469747961204e6f6f726d616e73796168223b757365725f6c6f67696e7c733a313a2231223b),
('ql3da88hlq5afqibrqumpl9lpio541di', '::1', 1579664122, 0x5f5f63695f6c6173745f726567656e65726174657c693a313537393636343132323b636172745f6974656d737c613a303a7b7d757365725f69647c733a313a2232223b726f6c655f69647c733a313a2232223b726f6c657c733a343a2255736572223b6e616d657c733a31383a22416469747961204e6f6f726d616e73796168223b757365725f6c6f67696e7c733a313a2231223b),
('hn63tm60548v6abbpioa8sv4kero96hd', '::1', 1579664435, 0x5f5f63695f6c6173745f726567656e65726174657c693a313537393636343433353b636172745f6974656d737c613a303a7b7d757365725f69647c733a313a2232223b726f6c655f69647c733a313a2232223b726f6c657c733a343a2255736572223b6e616d657c733a31383a22416469747961204e6f6f726d616e73796168223b757365725f6c6f67696e7c733a313a2231223b),
('d79dvici3do1cc7qoiu0b66mv1f49g1q', '::1', 1579664752, 0x5f5f63695f6c6173745f726567656e65726174657c693a313537393636343735323b636172745f6974656d737c613a303a7b7d757365725f69647c733a313a2232223b726f6c655f69647c733a313a2232223b726f6c657c733a343a2255736572223b6e616d657c733a31383a22416469747961204e6f6f726d616e73796168223b757365725f6c6f67696e7c733a313a2231223b),
('g7eu66o4ok2hb5lu8e10ee1vj9be3uin', '::1', 1579665087, 0x5f5f63695f6c6173745f726567656e65726174657c693a313537393636353038373b636172745f6974656d737c613a303a7b7d757365725f69647c733a313a2232223b726f6c655f69647c733a313a2232223b726f6c657c733a343a2255736572223b6e616d657c733a31383a22416469747961204e6f6f726d616e73796168223b757365725f6c6f67696e7c733a313a2231223b),
('6q8a13iub1dtvclak3ssf71advbhbj5g', '::1', 1579665424, 0x5f5f63695f6c6173745f726567656e65726174657c693a313537393636353432343b636172745f6974656d737c613a303a7b7d6c61796f75747c733a343a226c697374223b757365725f69647c733a313a2231223b726f6c655f69647c733a313a2231223b726f6c657c733a353a2241646d696e223b6e616d657c733a31313a2261646d696e2074756e6173223b61646d696e5f6c6f67696e7c733a313a2231223b),
('dicf9pno59vbll79b82t1j7pr5fmjbkg', '::1', 1579665858, 0x5f5f63695f6c6173745f726567656e65726174657c693a313537393636353835383b636172745f6974656d737c613a303a7b7d6c61796f75747c733a343a226c697374223b757365725f69647c733a313a2232223b726f6c655f69647c733a313a2232223b726f6c657c733a343a2255736572223b6e616d657c733a31383a22416469747961204e6f6f726d616e73796168223b757365725f6c6f67696e7c733a313a2231223b),
('oolms1fqcqqp3j9jjbinbrmd26gkihon', '::1', 1579666210, 0x5f5f63695f6c6173745f726567656e65726174657c693a313537393636363231303b636172745f6974656d737c613a303a7b7d6c61796f75747c733a343a226c697374223b757365725f69647c733a313a2231223b726f6c655f69647c733a313a2231223b726f6c657c733a353a2241646d696e223b6e616d657c733a31313a2261646d696e2074756e6173223b666c6173685f6d6573736167657c733a31393a2257656c636f6d652061646d696e2074756e6173223b5f5f63695f766172737c613a313a7b733a31333a22666c6173685f6d657373616765223b733a333a226f6c64223b7d61646d696e5f6c6f67696e7c733a313a2231223b),
('p6t1jnqjsq108nu8jh1dfc3u5va6bm3p', '::1', 1579666795, 0x5f5f63695f6c6173745f726567656e65726174657c693a313537393636363739353b636172745f6974656d737c613a303a7b7d6c61796f75747c733a343a226c697374223b757365725f69647c733a313a2231223b726f6c655f69647c733a313a2231223b726f6c657c733a353a2241646d696e223b6e616d657c733a31313a2261646d696e2074756e6173223b61646d696e5f6c6f67696e7c733a313a2231223b),
('6u4c8tib761eo5kp614c4kifldoik4bf', '::1', 1579667098, 0x5f5f63695f6c6173745f726567656e65726174657c693a313537393636373039383b636172745f6974656d737c613a303a7b7d6c61796f75747c733a343a226c697374223b757365725f69647c733a313a2231223b726f6c655f69647c733a313a2231223b726f6c657c733a353a2241646d696e223b6e616d657c733a31313a2261646d696e2074756e6173223b61646d696e5f6c6f67696e7c733a313a2231223b),
('tdb6frmkbbscnvf5db0hthhdpiqr8dal', '::1', 1579668321, 0x5f5f63695f6c6173745f726567656e65726174657c693a313537393636383332313b636172745f6974656d737c613a303a7b7d6c61796f75747c733a343a226c697374223b757365725f69647c733a313a2232223b726f6c655f69647c733a313a2232223b726f6c657c733a343a2255736572223b6e616d657c733a31383a22416469747961204e6f6f726d616e73796168223b757365725f6c6f67696e7c733a313a2231223b),
('qh1goprooo6kkgcqaeivpdbb0demv67p', '::1', 1579668342, 0x5f5f63695f6c6173745f726567656e65726174657c693a313537393636383332313b636172745f6974656d737c613a303a7b7d6c61796f75747c733a343a226c697374223b757365725f69647c733a313a2232223b726f6c655f69647c733a313a2232223b726f6c657c733a343a2255736572223b6e616d657c733a31383a22416469747961204e6f6f726d616e73796168223b757365725f6c6f67696e7c733a313a2231223b),
('vjpudu4lbkkc30on1tmn5r40btp4nbfj', '::1', 1579676039, 0x5f5f63695f6c6173745f726567656e65726174657c693a313537393637363033393b636172745f6974656d737c613a303a7b7d757365725f69647c733a313a2232223b726f6c655f69647c733a313a2232223b726f6c657c733a343a2255736572223b6e616d657c733a31383a22416469747961204e6f6f726d616e73796168223b757365725f6c6f67696e7c733a313a2231223b),
('21jsrelaocuqv4bk8o6v5rsnac7jqahf', '::1', 1579676371, 0x5f5f63695f6c6173745f726567656e65726174657c693a313537393637363337313b636172745f6974656d737c613a303a7b7d757365725f69647c733a313a2231223b726f6c655f69647c733a313a2231223b726f6c657c733a353a2241646d696e223b6e616d657c733a31313a2261646d696e2074756e6173223b61646d696e5f6c6f67696e7c733a313a2231223b666c6173685f6d6573736167657c733a32333a2253797374656d2073657474696e67732075706461746564223b5f5f63695f766172737c613a313a7b733a31333a22666c6173685f6d657373616765223b733a333a226f6c64223b7d),
('vp4v0b896723a36vc89099tdtp6pop2s', '::1', 1579682324, 0x5f5f63695f6c6173745f726567656e65726174657c693a313537393638323332343b636172745f6974656d737c613a303a7b7d757365725f69647c733a313a2231223b726f6c655f69647c733a313a2231223b726f6c657c733a353a2241646d696e223b6e616d657c733a31313a2261646d696e2074756e6173223b61646d696e5f6c6f67696e7c733a313a2231223b),
('e1oje1s4ersmmdm8e983k0ts2uhs4919', '::1', 1579682527, 0x5f5f63695f6c6173745f726567656e65726174657c693a313537393638323332343b636172745f6974656d737c613a303a7b7d),
('vcr4iocs83rbv1g9u30gjgq368udpf68', '::1', 1579750843, 0x5f5f63695f6c6173745f726567656e65726174657c693a313537393735303834333b636172745f6974656d737c613a303a7b7d757365725f69647c733a313a2231223b726f6c655f69647c733a313a2231223b726f6c657c733a353a2241646d696e223b6e616d657c733a31313a2261646d696e2074756e6173223b61646d696e5f6c6f67696e7c733a313a2231223b),
('qoklk69uo5100tpm4m1ev7tte8oveee3', '::1', 1579750847, 0x5f5f63695f6c6173745f726567656e65726174657c693a313537393735303834333b636172745f6974656d737c613a303a7b7d757365725f69647c733a313a2231223b726f6c655f69647c733a313a2231223b726f6c657c733a353a2241646d696e223b6e616d657c733a31313a2261646d696e2074756e6173223b61646d696e5f6c6f67696e7c733a313a2231223b),
('3t4720e3jg6g0grjor6gml7vmcm9b993', '::1', 1579971907, 0x5f5f63695f6c6173745f726567656e65726174657c693a313537393937313930373b636172745f6974656d737c613a303a7b7d),
('k9d45jdqik2gfvc785gtn6uh9t1447qt', '::1', 1580353144, 0x5f5f63695f6c6173745f726567656e65726174657c693a313538303335333134343b636172745f6974656d737c613a303a7b7d757365725f69647c733a313a2231223b726f6c655f69647c733a313a2231223b726f6c657c733a353a2241646d696e223b6e616d657c733a31313a2261646d696e2074756e6173223b61646d696e5f6c6f67696e7c733a313a2231223b),
('rqn6402u4siqt0s7v65vtchbfikggqu1', '::1', 1580354581, 0x5f5f63695f6c6173745f726567656e65726174657c693a313538303335343538313b636172745f6974656d737c613a303a7b7d757365725f69647c733a313a2231223b726f6c655f69647c733a313a2231223b726f6c657c733a353a2241646d696e223b6e616d657c733a31313a2261646d696e2074756e6173223b61646d696e5f6c6f67696e7c733a313a2231223b),
('7sovqedo20m1stqefg2et8erl12k761k', '::1', 1580354624, 0x5f5f63695f6c6173745f726567656e65726174657c693a313538303335343538313b636172745f6974656d737c613a303a7b7d757365725f69647c733a313a2231223b726f6c655f69647c733a313a2231223b726f6c657c733a353a2241646d696e223b6e616d657c733a31313a2261646d696e2074756e6173223b61646d696e5f6c6f67696e7c733a313a2231223b),
('mplf5jlqqg88pvc41hsd1652bsuql97c', '::1', 1580358145, 0x5f5f63695f6c6173745f726567656e65726174657c693a313538303335383134353b636172745f6974656d737c613a303a7b7d757365725f69647c733a313a2232223b726f6c655f69647c733a313a2232223b726f6c657c733a343a2255736572223b6e616d657c733a31383a22416469747961204e6f6f726d616e73796168223b757365725f6c6f67696e7c733a313a2231223b),
('8i9np6sgshigellfvf0m60q5vqfu0er6', '::1', 1580358198, 0x5f5f63695f6c6173745f726567656e65726174657c693a313538303335383134353b636172745f6974656d737c613a303a7b7d757365725f69647c733a313a2232223b726f6c655f69647c733a313a2232223b726f6c657c733a343a2255736572223b6e616d657c733a31383a22416469747961204e6f6f726d616e73796168223b757365725f6c6f67696e7c733a313a2231223b6c61796f75747c733a343a226c697374223b),
('bke5dapp5plg9fh0saipsjcbjjoacdss', '::1', 1580641732, 0x5f5f63695f6c6173745f726567656e65726174657c693a313538303634313733323b636172745f6974656d737c613a303a7b7d),
('ttvqf9gpul6j5nru69enormngf8eca1f', '::1', 1582251907, 0x5f5f63695f6c6173745f726567656e65726174657c693a313538323235313739373b636172745f6974656d737c613a303a7b7d),
('et5mhl7l2i73j0v8kf16bfa7jhba3r73', '::1', 1582295672, 0x5f5f63695f6c6173745f726567656e65726174657c693a313538323239353637323b636172745f6974656d737c613a303a7b7d),
('dsbtnn3e9dgenr01teh5qguabouu6ior', '::1', 1582343669, 0x5f5f63695f6c6173745f726567656e65726174657c693a313538323334333636393b636172745f6974656d737c613a303a7b7d),
('3sjlg77sbuht5hu05877s19jeu8kf7m9', '::1', 1582344111, 0x5f5f63695f6c6173745f726567656e65726174657c693a313538323334343131313b636172745f6974656d737c613a303a7b7d757365725f69647c733a313a2231223b726f6c655f69647c733a313a2231223b726f6c657c733a353a2241646d696e223b6e616d657c733a31313a2261646d696e2074756e6173223b666c6173685f6d6573736167657c733a31393a2257656c636f6d652061646d696e2074756e6173223b5f5f63695f766172737c613a313a7b733a31333a22666c6173685f6d657373616765223b733a333a226f6c64223b7d61646d696e5f6c6f67696e7c733a313a2231223b),
('crfrh0020fb3cda6ovlrbkglp423vcfh', '::1', 1582344721, 0x5f5f63695f6c6173745f726567656e65726174657c693a313538323334343732313b636172745f6974656d737c613a303a7b7d757365725f69647c733a313a2231223b726f6c655f69647c733a313a2231223b726f6c657c733a353a2241646d696e223b6e616d657c733a31313a2261646d696e2074756e6173223b61646d696e5f6c6f67696e7c733a313a2231223b),
('lgata04v2rqvjr9ejbu58qne62ernqj2', '::1', 1582345966, 0x5f5f63695f6c6173745f726567656e65726174657c693a313538323334353936363b636172745f6974656d737c613a303a7b7d757365725f69647c733a313a2231223b726f6c655f69647c733a313a2231223b726f6c657c733a353a2241646d696e223b6e616d657c733a31313a2261646d696e2074756e6173223b61646d696e5f6c6f67696e7c733a313a2231223b),
('12e3n5kol6srmddb15ilpng5vkni09pv', '::1', 1582346367, 0x5f5f63695f6c6173745f726567656e65726174657c693a313538323334363336373b636172745f6974656d737c613a303a7b7d757365725f69647c733a313a2231223b726f6c655f69647c733a313a2231223b726f6c657c733a353a2241646d696e223b6e616d657c733a31313a2261646d696e2074756e6173223b61646d696e5f6c6f67696e7c733a313a2231223b),
('nsglc87ingj9doe5lt18quq6hiv7ltjd', '::1', 1582346371, 0x5f5f63695f6c6173745f726567656e65726174657c693a313538323334363336373b636172745f6974656d737c613a303a7b7d757365725f69647c733a313a2231223b726f6c655f69647c733a313a2231223b726f6c657c733a353a2241646d696e223b6e616d657c733a31313a2261646d696e2074756e6173223b61646d696e5f6c6f67696e7c733a313a2231223b),
('lf4r36fdlt70ugs5qodqr0hkpe14ajej', '::1', 1582814132, 0x5f5f63695f6c6173745f726567656e65726174657c693a313538323831343130303b636172745f6974656d737c613a303a7b7d),
('i020v4tgglaecg5hctj7m9l2phk5re6h', '::1', 1582902245, 0x5f5f63695f6c6173745f726567656e65726174657c693a313538323930323234353b636172745f6974656d737c613a303a7b7d),
('686hfvsns4905qom77r65d47v2jhie8k', '::1', 1582904248, 0x5f5f63695f6c6173745f726567656e65726174657c693a313538323930343234383b636172745f6974656d737c613a303a7b7d757365725f69647c733a313a2232223b726f6c655f69647c733a313a2232223b726f6c657c733a343a2255736572223b6e616d657c733a31383a22416469747961204e6f6f726d616e73796168223b757365725f6c6f67696e7c733a313a2231223b),
('7j79oq0kpu62bf2h6tq5r9qi0vkvcnq8', '::1', 1582906362, 0x5f5f63695f6c6173745f726567656e65726174657c693a313538323930363336323b636172745f6974656d737c613a303a7b7d757365725f69647c733a313a2231223b726f6c655f69647c733a313a2231223b726f6c657c733a353a2241646d696e223b6e616d657c733a31313a2261646d696e2074756e6173223b61646d696e5f6c6f67696e7c733a313a2231223b),
('14gbqb4bgkgiqla579890c0emlfuffd7', '::1', 1582908679, 0x5f5f63695f6c6173745f726567656e65726174657c693a313538323930383637393b636172745f6974656d737c613a303a7b7d757365725f69647c733a313a2231223b726f6c655f69647c733a313a2231223b726f6c657c733a353a2241646d696e223b6e616d657c733a31313a2261646d696e2074756e6173223b61646d696e5f6c6f67696e7c733a313a2231223b),
('e8aavr0iue1o19pgt9l3cul78c396e11', '::1', 1582909037, 0x5f5f63695f6c6173745f726567656e65726174657c693a313538323930393033373b636172745f6974656d737c613a303a7b7d757365725f69647c733a313a2231223b726f6c655f69647c733a313a2231223b726f6c657c733a353a2241646d696e223b6e616d657c733a31313a2261646d696e2074756e6173223b61646d696e5f6c6f67696e7c733a313a2231223b666c6173685f6d6573736167657c733a32333a2255736572206164646564207375636365737366756c6c79223b5f5f63695f766172737c613a313a7b733a31333a22666c6173685f6d657373616765223b733a333a226f6c64223b7d),
('quj2ddaobjbssq6qmdmp55tdhvrchkro', '::1', 1582909565, 0x5f5f63695f6c6173745f726567656e65726174657c693a313538323930393536353b636172745f6974656d737c613a303a7b7d757365725f69647c733a313a2231223b726f6c655f69647c733a313a2231223b726f6c657c733a353a2241646d696e223b6e616d657c733a31313a2261646d696e2074756e6173223b61646d696e5f6c6f67696e7c733a313a2231223b),
('8t34ulbfutgdpaqg7usc7ot1pbulpobr', '::1', 1582909889, 0x5f5f63695f6c6173745f726567656e65726174657c693a313538323930393838393b636172745f6974656d737c613a303a7b7d757365725f69647c733a313a2231223b726f6c655f69647c733a313a2231223b726f6c657c733a353a2241646d696e223b6e616d657c733a31313a2261646d696e2074756e6173223b61646d696e5f6c6f67696e7c733a313a2231223b),
('3jl7e93sfdaug73fq6g93u812eebrfeh', '::1', 1582910332, 0x5f5f63695f6c6173745f726567656e65726174657c693a313538323931303333323b636172745f6974656d737c613a303a7b7d757365725f69647c733a313a2231223b726f6c655f69647c733a313a2231223b726f6c657c733a353a2241646d696e223b6e616d657c733a31313a2261646d696e2074756e6173223b61646d696e5f6c6f67696e7c733a313a2231223b),
('te967fcsn3b7obo7s7bu8otue6gcb79s', '::1', 1582910674, 0x5f5f63695f6c6173745f726567656e65726174657c693a313538323931303637343b636172745f6974656d737c613a303a7b7d757365725f69647c733a313a2231223b726f6c655f69647c733a313a2231223b726f6c657c733a353a2241646d696e223b6e616d657c733a31313a2261646d696e2074756e6173223b61646d696e5f6c6f67696e7c733a313a2231223b),
('56suj9mqo0fus9nmok4aq4f1thspcenm', '::1', 1582911113, 0x5f5f63695f6c6173745f726567656e65726174657c693a313538323931313131333b636172745f6974656d737c613a303a7b7d757365725f69647c733a313a2231223b726f6c655f69647c733a313a2231223b726f6c657c733a353a2241646d696e223b6e616d657c733a31313a2261646d696e2074756e6173223b61646d696e5f6c6f67696e7c733a313a2231223b),
('eg3m3qltabak94l5bjud1i1s8v3k39u3', '::1', 1582911113, 0x5f5f63695f6c6173745f726567656e65726174657c693a313538323931313131333b636172745f6974656d737c613a303a7b7d757365725f69647c733a313a2231223b726f6c655f69647c733a313a2231223b726f6c657c733a353a2241646d696e223b6e616d657c733a31313a2261646d696e2074756e6173223b61646d696e5f6c6f67696e7c733a313a2231223b),
('6j09qtm7940cfghtl8518ma3fjegslhe', '::1', 1582982793, 0x5f5f63695f6c6173745f726567656e65726174657c693a313538323938323739333b636172745f6974656d737c613a303a7b7d757365725f69647c733a313a2231223b726f6c655f69647c733a313a2231223b726f6c657c733a353a2241646d696e223b6e616d657c733a31313a2261646d696e2074756e6173223b61646d696e5f6c6f67696e7c733a313a2231223b),
('1aao4vpc5435avbmiv6a2ri5kds3na67', '::1', 1582982461, 0x5f5f63695f6c6173745f726567656e65726174657c693a313538323938323432383b636172745f6974656d737c613a303a7b7d),
('9r4cglhfc27m7p2961rm10usk8des41i', '::1', 1582983158, 0x5f5f63695f6c6173745f726567656e65726174657c693a313538323938333135383b636172745f6974656d737c613a303a7b7d757365725f69647c733a313a2231223b726f6c655f69647c733a313a2231223b726f6c657c733a353a2241646d696e223b6e616d657c733a31313a2261646d696e2074756e6173223b61646d696e5f6c6f67696e7c733a313a2231223b),
('25g1vehrhvcsn6ef821ch37sll409q2l', '::1', 1582983331, 0x5f5f63695f6c6173745f726567656e65726174657c693a313538323938333135383b636172745f6974656d737c613a303a7b7d757365725f69647c733a313a2231223b726f6c655f69647c733a313a2231223b726f6c657c733a353a2241646d696e223b6e616d657c733a31313a2261646d696e2074756e6173223b61646d696e5f6c6f67696e7c733a313a2231223b),
('2diplglaj5ngm5gvrlfe9aepmvccmjbh', '::1', 1583066696, 0x5f5f63695f6c6173745f726567656e65726174657c693a313538333036363639363b636172745f6974656d737c613a303a7b7d757365725f69647c733a313a2231223b726f6c655f69647c733a313a2231223b726f6c657c733a353a2241646d696e223b6e616d657c733a31313a2261646d696e2074756e6173223b666c6173685f6d6573736167657c733a31393a2257656c636f6d652061646d696e2074756e6173223b5f5f63695f766172737c613a313a7b733a31333a22666c6173685f6d657373616765223b733a333a226f6c64223b7d61646d696e5f6c6f67696e7c733a313a2231223b),
('g53pda6lq9dt09f0srktvduojd7s1egq', '::1', 1583067388, 0x5f5f63695f6c6173745f726567656e65726174657c693a313538333036373338383b636172745f6974656d737c613a303a7b7d757365725f69647c733a313a2231223b726f6c655f69647c733a313a2231223b726f6c657c733a353a2241646d696e223b6e616d657c733a31313a2261646d696e2074756e6173223b61646d696e5f6c6f67696e7c733a313a2231223b),
('qsm11oj0ulsn3vp4e74po1i3gm6co82t', '::1', 1583070208, 0x5f5f63695f6c6173745f726567656e65726174657c693a313538333037303230383b636172745f6974656d737c613a303a7b7d757365725f69647c733a313a2231223b726f6c655f69647c733a313a2231223b726f6c657c733a353a2241646d696e223b6e616d657c733a31313a2261646d696e2074756e6173223b61646d696e5f6c6f67696e7c733a313a2231223b),
('ss7h0428gmh7hlcn7cilg8kv3i5co14f', '::1', 1583072592, 0x5f5f63695f6c6173745f726567656e65726174657c693a313538333037323539323b636172745f6974656d737c613a303a7b7d757365725f69647c733a313a2231223b726f6c655f69647c733a313a2231223b726f6c657c733a353a2241646d696e223b6e616d657c733a31313a2261646d696e2074756e6173223b61646d696e5f6c6f67696e7c733a313a2231223b),
('fjt5d9qksgepb07ttreducdr69o5qrag', '::1', 1583073153, 0x5f5f63695f6c6173745f726567656e65726174657c693a313538333037333135333b636172745f6974656d737c613a303a7b7d757365725f69647c733a313a2231223b726f6c655f69647c733a313a2231223b726f6c657c733a353a2241646d696e223b6e616d657c733a31313a2261646d696e2074756e6173223b61646d696e5f6c6f67696e7c733a313a2231223b),
('pb11kl7j06ul38ba40jr4v34rj7umps7', '::1', 1583073744, 0x5f5f63695f6c6173745f726567656e65726174657c693a313538333037333734343b636172745f6974656d737c613a303a7b7d757365725f69647c733a313a2231223b726f6c655f69647c733a313a2231223b726f6c657c733a353a2241646d696e223b6e616d657c733a31313a2261646d696e2074756e6173223b61646d696e5f6c6f67696e7c733a313a2231223b),
('f46hhqg3ldevqbujb7mr5bjfms2ngpme', '::1', 1583074153, 0x5f5f63695f6c6173745f726567656e65726174657c693a313538333037343135333b636172745f6974656d737c613a303a7b7d757365725f69647c733a313a2231223b726f6c655f69647c733a313a2231223b726f6c657c733a353a2241646d696e223b6e616d657c733a31313a2261646d696e2074756e6173223b61646d696e5f6c6f67696e7c733a313a2231223b),
('h75m8tvflqjeflqljrhqrvqe1vrquqor', '::1', 1583074467, 0x5f5f63695f6c6173745f726567656e65726174657c693a313538333037343436373b636172745f6974656d737c613a303a7b7d757365725f69647c733a313a2231223b726f6c655f69647c733a313a2231223b726f6c657c733a353a2241646d696e223b6e616d657c733a31313a2261646d696e2074756e6173223b61646d696e5f6c6f67696e7c733a313a2231223b),
('d0s9m82qd878j0liuf6avl2h2mssm9jg', '::1', 1583075442, 0x5f5f63695f6c6173745f726567656e65726174657c693a313538333037353434323b636172745f6974656d737c613a303a7b7d757365725f69647c733a313a2231223b726f6c655f69647c733a313a2231223b726f6c657c733a353a2241646d696e223b6e616d657c733a31313a2261646d696e2074756e6173223b61646d696e5f6c6f67696e7c733a313a2231223b),
('4os9g25bnm7q12eovs3ctf2khb6h7m0h', '::1', 1583075781, 0x5f5f63695f6c6173745f726567656e65726174657c693a313538333037353738313b636172745f6974656d737c613a303a7b7d757365725f69647c733a313a2231223b726f6c655f69647c733a313a2231223b726f6c657c733a353a2241646d696e223b6e616d657c733a31313a2261646d696e2074756e6173223b61646d696e5f6c6f67696e7c733a313a2231223b6572726f727c613a313a7b733a353a226572726f72223b733a35313a223c703e5468652075706c6f6164207061746820646f6573206e6f742061707065617220746f2062652076616c69642e3c2f703e223b7d5f5f63695f766172737c613a313a7b733a353a226572726f72223b733a333a226f6c64223b7d),
('a206s22g0gfttvjcecus8dd11vo1dqj4', '::1', 1583076096, 0x5f5f63695f6c6173745f726567656e65726174657c693a313538333037363039363b636172745f6974656d737c613a303a7b7d757365725f69647c733a313a2231223b726f6c655f69647c733a313a2231223b726f6c657c733a353a2241646d696e223b6e616d657c733a31313a2261646d696e2074756e6173223b61646d696e5f6c6f67696e7c733a313a2231223b),
('6bm6b6nlf2ige14ib05ta4b1teu8dl8b', '::1', 1583076427, 0x5f5f63695f6c6173745f726567656e65726174657c693a313538333037363432373b636172745f6974656d737c613a303a7b7d757365725f69647c733a313a2231223b726f6c655f69647c733a313a2231223b726f6c657c733a353a2241646d696e223b6e616d657c733a31313a2261646d696e2074756e6173223b61646d696e5f6c6f67696e7c733a313a2231223b),
('7hhnceu49jpgsusn760u8l7jj6tlo3qt', '::1', 1583076749, 0x5f5f63695f6c6173745f726567656e65726174657c693a313538333037363734393b636172745f6974656d737c613a303a7b7d757365725f69647c733a313a2231223b726f6c655f69647c733a313a2231223b726f6c657c733a353a2241646d696e223b6e616d657c733a31313a2261646d696e2074756e6173223b61646d696e5f6c6f67696e7c733a313a2231223b),
('6b3ve6rpij2hs8gbgcdcua1lbps7b4d7', '::1', 1583077121, 0x5f5f63695f6c6173745f726567656e65726174657c693a313538333037373132313b636172745f6974656d737c613a303a7b7d757365725f69647c733a313a2231223b726f6c655f69647c733a313a2231223b726f6c657c733a353a2241646d696e223b6e616d657c733a31313a2261646d696e2074756e6173223b61646d696e5f6c6f67696e7c733a313a2231223b),
('pjucpdpb7kcgvc6bnof4egvr2bc85sli', '::1', 1583077427, 0x5f5f63695f6c6173745f726567656e65726174657c693a313538333037373432373b636172745f6974656d737c613a303a7b7d757365725f69647c733a313a2231223b726f6c655f69647c733a313a2231223b726f6c657c733a353a2241646d696e223b6e616d657c733a31313a2261646d696e2074756e6173223b61646d696e5f6c6f67696e7c733a313a2231223b),
('p5nro46tsvl6b1otulq46qme55idqnj0', '::1', 1583077839, 0x5f5f63695f6c6173745f726567656e65726174657c693a313538333037373833393b636172745f6974656d737c613a303a7b7d757365725f69647c733a313a2231223b726f6c655f69647c733a313a2231223b726f6c657c733a353a2241646d696e223b6e616d657c733a31313a2261646d696e2074756e6173223b61646d696e5f6c6f67696e7c733a313a2231223b),
('rrotrt8299nf5igcp72iul6tufls79sg', '::1', 1583078182, 0x5f5f63695f6c6173745f726567656e65726174657c693a313538333037383138323b636172745f6974656d737c613a303a7b7d),
('mf1a7ocg61h9mjfeudrpkdi1ecqbd64q', '::1', 1583078484, 0x5f5f63695f6c6173745f726567656e65726174657c693a313538333037383438343b636172745f6974656d737c613a303a7b7d),
('0bue7nff7h6ju8nirmhc3ko5cjoi8e26', '::1', 1583078580, 0x5f5f63695f6c6173745f726567656e65726174657c693a313538333037383438343b636172745f6974656d737c613a303a7b7d),
('jmgptc9ke70upqarqut2mntd1qrcdr4j', '::1', 1583332782, 0x5f5f63695f6c6173745f726567656e65726174657c693a313538333333323738323b636172745f6974656d737c613a303a7b7d),
('qlevtj3ikdahbspj7qu86pi75nfuoqg8', '::1', 1583333489, 0x5f5f63695f6c6173745f726567656e65726174657c693a313538333333333438393b636172745f6974656d737c613a303a7b7d),
('eoarrptrenpefrqhdhkkoulia6bsibq6', '::1', 1583333931, 0x5f5f63695f6c6173745f726567656e65726174657c693a313538333333333933313b636172745f6974656d737c613a303a7b7d),
('jo3vvl9p4tpjovjllc61laq5kcsjtu76', '::1', 1583334309, 0x5f5f63695f6c6173745f726567656e65726174657c693a313538333333343330393b636172745f6974656d737c613a303a7b7d),
('9nad0to9g312qp7kqcrh0178r20qqd9h', '::1', 1583334991, 0x5f5f63695f6c6173745f726567656e65726174657c693a313538333333343939313b636172745f6974656d737c613a303a7b7d),
('j9ggoen5djo7vqpa76e15bf9uc29d58q', '::1', 1583336067, 0x5f5f63695f6c6173745f726567656e65726174657c693a313538333333363036373b636172745f6974656d737c613a303a7b7d),
('ift6a0sc06vesmsptjgp2vf54letm865', '::1', 1583337960, 0x5f5f63695f6c6173745f726567656e65726174657c693a313538333333373838393b636172745f6974656d737c613a303a7b7d),
('54jefqain5i044qqml2p774uorv94s9d', '::1', 1583337919, 0x5f5f63695f6c6173745f726567656e65726174657c693a313538333333373838393b636172745f6974656d737c613a303a7b7d),
('rf9meguv1c6jcn7sopj03sf11h2v4j4e', '127.0.0.1', 1583559607, 0x5f5f63695f6c6173745f726567656e65726174657c693a313538333535393630373b636172745f6974656d737c613a303a7b7d757365725f69647c733a313a2231223b726f6c655f69647c733a313a2231223b726f6c657c733a353a2241646d696e223b6e616d657c733a31313a2261646d696e2074756e6173223b61646d696e5f6c6f67696e7c733a313a2231223b),
('aa8ckv76leedpj6a40am415l61797ecn', '127.0.0.1', 1583559963, 0x5f5f63695f6c6173745f726567656e65726174657c693a313538333535393936333b636172745f6974656d737c613a303a7b7d757365725f69647c733a313a2231223b726f6c655f69647c733a313a2231223b726f6c657c733a353a2241646d696e223b6e616d657c733a31313a2261646d696e2074756e6173223b61646d696e5f6c6f67696e7c733a313a2231223b),
('d3ai2shqbcnjtfspgkj8ov11ik5aq128', '127.0.0.1', 1583560555, 0x5f5f63695f6c6173745f726567656e65726174657c693a313538333536303535353b636172745f6974656d737c613a303a7b7d757365725f69647c733a313a2231223b726f6c655f69647c733a313a2231223b726f6c657c733a353a2241646d696e223b6e616d657c733a31313a2261646d696e2074756e6173223b61646d696e5f6c6f67696e7c733a313a2231223b),
('jpes3svicpv8cu43g0saooglanbh6tmk', '127.0.0.1', 1583560898, 0x5f5f63695f6c6173745f726567656e65726174657c693a313538333536303839383b636172745f6974656d737c613a303a7b7d757365725f69647c733a313a2231223b726f6c655f69647c733a313a2231223b726f6c657c733a353a2241646d696e223b6e616d657c733a31313a2261646d696e2074756e6173223b61646d696e5f6c6f67696e7c733a313a2231223b),
('jc9il6u25s32sd953srfk0rf2573sprf', '127.0.0.1', 1583562472, 0x5f5f63695f6c6173745f726567656e65726174657c693a313538333536323437323b636172745f6974656d737c613a303a7b7d757365725f69647c733a313a2231223b726f6c655f69647c733a313a2231223b726f6c657c733a353a2241646d696e223b6e616d657c733a31313a2261646d696e2074756e6173223b61646d696e5f6c6f67696e7c733a313a2231223b),
('7u0q0k5tbiqm3tsgafdo5h1juav1bt53', '127.0.0.1', 1583563385, 0x5f5f63695f6c6173745f726567656e65726174657c693a313538333536333338353b636172745f6974656d737c613a303a7b7d757365725f69647c733a313a2231223b726f6c655f69647c733a313a2231223b726f6c657c733a353a2241646d696e223b6e616d657c733a31313a2261646d696e2074756e6173223b61646d696e5f6c6f67696e7c733a313a2231223b),
('t0fp92hstm7kdobsjom9i0n1vv8c9kcf', '127.0.0.1', 1583563849, 0x5f5f63695f6c6173745f726567656e65726174657c693a313538333536333834393b636172745f6974656d737c613a303a7b7d757365725f69647c733a313a2231223b726f6c655f69647c733a313a2231223b726f6c657c733a353a2241646d696e223b6e616d657c733a31313a2261646d696e2074756e6173223b61646d696e5f6c6f67696e7c733a313a2231223b),
('qcsokdro7ipmjlaioft2oqdi5mio77t3', '127.0.0.1', 1583564211, 0x5f5f63695f6c6173745f726567656e65726174657c693a313538333536343231313b636172745f6974656d737c613a303a7b7d757365725f69647c733a313a2231223b726f6c655f69647c733a313a2231223b726f6c657c733a353a2241646d696e223b6e616d657c733a31313a2261646d696e2074756e6173223b61646d696e5f6c6f67696e7c733a313a2231223b),
('vqb6t5ahc6j989fa5gor24e74dsjo0ee', '127.0.0.1', 1583564552, 0x5f5f63695f6c6173745f726567656e65726174657c693a313538333536343535323b636172745f6974656d737c613a303a7b7d757365725f69647c733a313a2231223b726f6c655f69647c733a313a2231223b726f6c657c733a353a2241646d696e223b6e616d657c733a31313a2261646d696e2074756e6173223b61646d696e5f6c6f67696e7c733a313a2231223b),
('5v7j827j031jpd1lttgco0vfv8i759sg', '127.0.0.1', 1583564846, 0x5f5f63695f6c6173745f726567656e65726174657c693a313538333536343535323b636172745f6974656d737c613a303a7b7d757365725f69647c733a313a2231223b726f6c655f69647c733a313a2231223b726f6c657c733a353a2241646d696e223b6e616d657c733a31313a2261646d696e2074756e6173223b61646d696e5f6c6f67696e7c733a313a2231223b),
('u8h77a97saqdnr3virt0r2djotgbfjoj', '127.0.0.1', 1583577510, 0x5f5f63695f6c6173745f726567656e65726174657c693a313538333537373531303b636172745f6974656d737c613a303a7b7d757365725f69647c733a313a2231223b726f6c655f69647c733a313a2231223b726f6c657c733a353a2241646d696e223b6e616d657c733a31313a2261646d696e2074756e6173223b61646d696e5f6c6f67696e7c733a313a2231223b),
('f940fj5s4ddug4cho4h9ablelcbjh674', '127.0.0.1', 1583577861, 0x5f5f63695f6c6173745f726567656e65726174657c693a313538333537373836313b636172745f6974656d737c613a303a7b7d757365725f69647c733a313a2231223b726f6c655f69647c733a313a2231223b726f6c657c733a353a2241646d696e223b6e616d657c733a31313a2261646d696e2074756e6173223b61646d696e5f6c6f67696e7c733a313a2231223b),
('u2sre0fmeg74u3vtdq5otl7v9vo5s58t', '127.0.0.1', 1583578206, 0x5f5f63695f6c6173745f726567656e65726174657c693a313538333537383230363b636172745f6974656d737c613a303a7b7d757365725f69647c733a313a2231223b726f6c655f69647c733a313a2231223b726f6c657c733a353a2241646d696e223b6e616d657c733a31313a2261646d696e2074756e6173223b61646d696e5f6c6f67696e7c733a313a2231223b),
('rk3447mnusej8aa9c0d2glp1rac7d875', '127.0.0.1', 1583578598, 0x5f5f63695f6c6173745f726567656e65726174657c693a313538333537383539383b636172745f6974656d737c613a303a7b7d757365725f69647c733a313a2231223b726f6c655f69647c733a313a2231223b726f6c657c733a353a2241646d696e223b6e616d657c733a31313a2261646d696e2074756e6173223b61646d696e5f6c6f67696e7c733a313a2231223b),
('02sn19967k1hb0dkhnjgqi5ma9us8a69', '127.0.0.1', 1583578920, 0x5f5f63695f6c6173745f726567656e65726174657c693a313538333537383932303b636172745f6974656d737c613a303a7b7d757365725f69647c733a313a2231223b726f6c655f69647c733a313a2231223b726f6c657c733a353a2241646d696e223b6e616d657c733a31313a2261646d696e2074756e6173223b61646d696e5f6c6f67696e7c733a313a2231223b),
('lfcnvh8mgm1fgbn4sonqd95ssj32a587', '127.0.0.1', 1583579236, 0x5f5f63695f6c6173745f726567656e65726174657c693a313538333537393233363b636172745f6974656d737c613a303a7b7d757365725f69647c733a313a2231223b726f6c655f69647c733a313a2231223b726f6c657c733a353a2241646d696e223b6e616d657c733a31313a2261646d696e2074756e6173223b61646d696e5f6c6f67696e7c733a313a2231223b),
('0lf4v3mbhvrhv8n9ampr6mm56jgsrdco', '127.0.0.1', 1583579745, 0x5f5f63695f6c6173745f726567656e65726174657c693a313538333537393734353b636172745f6974656d737c613a303a7b7d757365725f69647c733a313a2231223b726f6c655f69647c733a313a2231223b726f6c657c733a353a2241646d696e223b6e616d657c733a31313a2261646d696e2074756e6173223b61646d696e5f6c6f67696e7c733a313a2231223b),
('e29l40bjq601svs45fu3fs7kp56tn73k', '127.0.0.1', 1583580412, 0x5f5f63695f6c6173745f726567656e65726174657c693a313538333538303431323b636172745f6974656d737c613a303a7b7d757365725f69647c733a313a2231223b726f6c655f69647c733a313a2231223b726f6c657c733a353a2241646d696e223b6e616d657c733a31313a2261646d696e2074756e6173223b61646d696e5f6c6f67696e7c733a313a2231223b),
('9smt3s8n3196kc5vj0n19kr425ri9pfv', '127.0.0.1', 1583581257, 0x5f5f63695f6c6173745f726567656e65726174657c693a313538333538313235373b636172745f6974656d737c613a303a7b7d757365725f69647c733a313a2231223b726f6c655f69647c733a313a2231223b726f6c657c733a353a2241646d696e223b6e616d657c733a31313a2261646d696e2074756e6173223b61646d696e5f6c6f67696e7c733a313a2231223b),
('37hqruttnrn1qc43a3scf52a2ju743ja', '127.0.0.1', 1583581629, 0x5f5f63695f6c6173745f726567656e65726174657c693a313538333538313632393b636172745f6974656d737c613a303a7b7d757365725f69647c733a313a2231223b726f6c655f69647c733a313a2231223b726f6c657c733a353a2241646d696e223b6e616d657c733a31313a2261646d696e2074756e6173223b61646d696e5f6c6f67696e7c733a313a2231223b),
('em55g5343nah17a6qaadu5jm6lq3iq1l', '127.0.0.1', 1583581968, 0x5f5f63695f6c6173745f726567656e65726174657c693a313538333538313936383b636172745f6974656d737c613a303a7b7d757365725f69647c733a313a2231223b726f6c655f69647c733a313a2231223b726f6c657c733a353a2241646d696e223b6e616d657c733a31313a2261646d696e2074756e6173223b61646d696e5f6c6f67696e7c733a313a2231223b),
('ejdg81sactmkssce5uu127rsq02p1g6d', '127.0.0.1', 1583582298, 0x5f5f63695f6c6173745f726567656e65726174657c693a313538333538323239383b636172745f6974656d737c613a303a7b7d757365725f69647c733a313a2231223b726f6c655f69647c733a313a2231223b726f6c657c733a353a2241646d696e223b6e616d657c733a31313a2261646d696e2074756e6173223b61646d696e5f6c6f67696e7c733a313a2231223b),
('9ikops3t4n7n2n7qnbo6l7nivmikvb61', '127.0.0.1', 1583582699, 0x5f5f63695f6c6173745f726567656e65726174657c693a313538333538323639393b636172745f6974656d737c613a303a7b7d757365725f69647c733a313a2231223b726f6c655f69647c733a313a2231223b726f6c657c733a353a2241646d696e223b6e616d657c733a31313a2261646d696e2074756e6173223b61646d696e5f6c6f67696e7c733a313a2231223b),
('sni06ng9q7vhec7l69p7l62qmr3gukvc', '127.0.0.1', 1583585173, 0x5f5f63695f6c6173745f726567656e65726174657c693a313538333538353137333b636172745f6974656d737c613a303a7b7d757365725f69647c733a313a2231223b726f6c655f69647c733a313a2231223b726f6c657c733a353a2241646d696e223b6e616d657c733a31313a2261646d696e2074756e6173223b61646d696e5f6c6f67696e7c733a313a2231223b),
('lhoq2msnh720mmd49jokpmgvn2iejh4i', '127.0.0.1', 1583585517, 0x5f5f63695f6c6173745f726567656e65726174657c693a313538333538353531373b636172745f6974656d737c613a303a7b7d757365725f69647c733a313a2231223b726f6c655f69647c733a313a2231223b726f6c657c733a353a2241646d696e223b6e616d657c733a31313a2261646d696e2074756e6173223b61646d696e5f6c6f67696e7c733a313a2231223b),
('oejihgg4lkc73k43k8s7hf6eejl8t8rf', '127.0.0.1', 1583586765, 0x5f5f63695f6c6173745f726567656e65726174657c693a313538333538363736353b636172745f6974656d737c613a303a7b7d757365725f69647c733a313a2231223b726f6c655f69647c733a313a2231223b726f6c657c733a353a2241646d696e223b6e616d657c733a31313a2261646d696e2074756e6173223b61646d696e5f6c6f67696e7c733a313a2231223b),
('967g4fm32mako6d4smusaavbjgq7figm', '127.0.0.1', 1583587067, 0x5f5f63695f6c6173745f726567656e65726174657c693a313538333538373036373b636172745f6974656d737c613a303a7b7d757365725f69647c733a313a2231223b726f6c655f69647c733a313a2231223b726f6c657c733a353a2241646d696e223b6e616d657c733a31313a2261646d696e2074756e6173223b61646d696e5f6c6f67696e7c733a313a2231223b),
('ccf4s7o17kr32f9o87sd98o5552rs7qv', '127.0.0.1', 1583587369, 0x5f5f63695f6c6173745f726567656e65726174657c693a313538333538373336393b636172745f6974656d737c613a303a7b7d757365725f69647c733a313a2231223b726f6c655f69647c733a313a2231223b726f6c657c733a353a2241646d696e223b6e616d657c733a31313a2261646d696e2074756e6173223b61646d696e5f6c6f67696e7c733a313a2231223b),
('3c680rbbsvqdhi1lfau1kghce5jmo4jo', '127.0.0.1', 1583587851, 0x5f5f63695f6c6173745f726567656e65726174657c693a313538333538373835313b636172745f6974656d737c613a303a7b7d757365725f69647c733a313a2231223b726f6c655f69647c733a313a2231223b726f6c657c733a353a2241646d696e223b6e616d657c733a31313a2261646d696e2074756e6173223b61646d696e5f6c6f67696e7c733a313a2231223b),
('u25han42n3j5cgfvlajnivnk7nee3hd8', '127.0.0.1', 1583591945, 0x5f5f63695f6c6173745f726567656e65726174657c693a313538333539313934353b636172745f6974656d737c613a303a7b7d757365725f69647c733a313a2231223b726f6c655f69647c733a313a2231223b726f6c657c733a353a2241646d696e223b6e616d657c733a31313a2261646d696e2074756e6173223b61646d696e5f6c6f67696e7c733a313a2231223b),
('h4k4enh51lrp8vjus97sre8r821pspbh', '127.0.0.1', 1583592048, 0x5f5f63695f6c6173745f726567656e65726174657c693a313538333539313934353b636172745f6974656d737c613a303a7b7d757365725f69647c733a313a2231223b726f6c655f69647c733a313a2231223b726f6c657c733a353a2241646d696e223b6e616d657c733a31313a2261646d696e2074756e6173223b61646d696e5f6c6f67696e7c733a313a2231223b),
('5d74121c6750b57b445052c43de410c033e8407a', '139.192.198.200', 1583669357, 0x5f5f63695f6c6173745f726567656e65726174657c693a313538333636393335373b636172745f6974656d737c613a303a7b7d6572726f725f6d6573736167657c733a32353a22496e76616c6964206c6f67696e2063726564656e7469616c73223b5f5f63695f766172737c613a313a7b733a31333a226572726f725f6d657373616765223b733a333a226f6c64223b7d),
('4a6ec58da45a8794355102d335a92dfdd6c576f9', '139.192.198.200', 1583672143, 0x5f5f63695f6c6173745f726567656e65726174657c693a313538333637323134333b636172745f6974656d737c613a303a7b7d757365725f69647c733a313a2231223b726f6c655f69647c733a313a2231223b726f6c657c733a353a2241646d696e223b6e616d657c733a31313a2261646d696e2074756e6173223b61646d696e5f6c6f67696e7c733a313a2231223b),
('4d218f4604a107e07b74630bb361ccba2fcf37b4', '35.227.62.178', 1583671295, 0x5f5f63695f6c6173745f726567656e65726174657c693a313538333637313239353b636172745f6974656d737c613a303a7b7d),
('1f58656bfdd4f2b5f8b9dd09dd1871c217ae753d', '202.80.216.131', 1583671991, 0x5f5f63695f6c6173745f726567656e65726174657c693a313538333637313939313b636172745f6974656d737c613a303a7b7d),
('ec44062d3ea11745d11badcf5f1dfbdf41b2107e', '139.192.198.200', 1583671793, 0x5f5f63695f6c6173745f726567656e65726174657c693a313538333637313739313b636172745f6974656d737c613a303a7b7d757365725f69647c733a313a2231223b726f6c655f69647c733a313a2231223b726f6c657c733a353a2241646d696e223b6e616d657c733a31313a2261646d696e2074756e6173223b61646d696e5f6c6f67696e7c733a313a2231223b),
('04731b437904259cc4ef368e109ea3cffa920ee5', '202.80.216.131', 1583672316, 0x5f5f63695f6c6173745f726567656e65726174657c693a313538333637323331363b636172745f6974656d737c613a303a7b7d757365725f69647c733a313a2231223b726f6c655f69647c733a313a2231223b726f6c657c733a353a2241646d696e223b6e616d657c733a31313a2261646d696e2074756e6173223b61646d696e5f6c6f67696e7c733a313a2231223b),
('b9f9d016274de01db5a2680fb29db25613532b42', '139.192.198.200', 1583672983, 0x5f5f63695f6c6173745f726567656e65726174657c693a313538333637323938333b636172745f6974656d737c613a303a7b7d757365725f69647c733a313a2231223b726f6c655f69647c733a313a2231223b726f6c657c733a353a2241646d696e223b6e616d657c733a31313a2261646d696e2074756e6173223b61646d696e5f6c6f67696e7c733a313a2231223b),
('47537f8fe15345f127a27b1bea3334e279b7502c', '150.129.59.5', 1583672227, 0x5f5f63695f6c6173745f726567656e65726174657c693a313538333637323232373b636172745f6974656d737c613a303a7b7d),
('a482d17666d32fe18f74cecf207a53b522617f7d', '202.80.216.131', 1583672679, 0x5f5f63695f6c6173745f726567656e65726174657c693a313538333637323637393b636172745f6974656d737c613a303a7b7d757365725f69647c733a313a2231223b726f6c655f69647c733a313a2231223b726f6c657c733a353a2241646d696e223b6e616d657c733a31313a2261646d696e2074756e6173223b61646d696e5f6c6f67696e7c733a313a2231223b),
('bbeb934e3e3094cde5f79326701232c7cd54a4fb', '202.80.216.131', 1583672980, 0x5f5f63695f6c6173745f726567656e65726174657c693a313538333637323938303b636172745f6974656d737c613a303a7b7d757365725f69647c733a313a2231223b726f6c655f69647c733a313a2231223b726f6c657c733a353a2241646d696e223b6e616d657c733a31313a2261646d696e2074756e6173223b61646d696e5f6c6f67696e7c733a313a2231223b),
('10a6d761e2f2487d62bbbe011d9c2d682a7b621f', '202.80.216.131', 1583673443, 0x5f5f63695f6c6173745f726567656e65726174657c693a313538333637333434333b636172745f6974656d737c613a303a7b7d757365725f69647c733a313a2231223b726f6c655f69647c733a313a2231223b726f6c657c733a353a2241646d696e223b6e616d657c733a31313a2261646d696e2074756e6173223b61646d696e5f6c6f67696e7c733a313a2231223b),
('c2326a23e8b4bb8da9c555698480ec496dd5402a', '139.192.198.200', 1583673498, 0x5f5f63695f6c6173745f726567656e65726174657c693a313538333637333439383b636172745f6974656d737c613a303a7b7d757365725f69647c733a313a2231223b726f6c655f69647c733a313a2231223b726f6c657c733a353a2241646d696e223b6e616d657c733a31313a2261646d696e2074756e6173223b61646d696e5f6c6f67696e7c733a313a2231223b),
('0f4c4e6cab1c12920df37e5728e45ba3bd0022ed', '202.80.216.131', 1583673818, 0x5f5f63695f6c6173745f726567656e65726174657c693a313538333637333831383b636172745f6974656d737c613a303a7b7d757365725f69647c733a313a2231223b726f6c655f69647c733a313a2231223b726f6c657c733a353a2241646d696e223b6e616d657c733a31313a2261646d696e2074756e6173223b61646d696e5f6c6f67696e7c733a313a2231223b),
('6e10919f709b6c63a3c2b4fd6fd373d5c11bec3a', '180.244.235.22', 1583673468, 0x5f5f63695f6c6173745f726567656e65726174657c693a313538333637333436353b636172745f6974656d737c613a303a7b7d),
('622b8ae23be3cbbd6197592e0e0de2e25e9bf108', '139.192.198.200', 1583673860, 0x5f5f63695f6c6173745f726567656e65726174657c693a313538333637333836303b636172745f6974656d737c613a303a7b7d757365725f69647c733a313a2231223b726f6c655f69647c733a313a2231223b726f6c657c733a353a2241646d696e223b6e616d657c733a31313a2261646d696e2074756e6173223b61646d696e5f6c6f67696e7c733a313a2231223b),
('c929c23d683d8c16b44fe5c9959763cfee936c82', '202.80.216.131', 1583674252, 0x5f5f63695f6c6173745f726567656e65726174657c693a313538333637343235323b636172745f6974656d737c613a303a7b7d757365725f69647c733a313a2231223b726f6c655f69647c733a313a2231223b726f6c657c733a353a2241646d696e223b6e616d657c733a31313a2261646d696e2074756e6173223b61646d696e5f6c6f67696e7c733a313a2231223b),
('db249af6c58cb46916215c1fd1202745d10a5b1f', '139.192.198.200', 1583673861, 0x5f5f63695f6c6173745f726567656e65726174657c693a313538333637333836303b636172745f6974656d737c613a303a7b7d757365725f69647c733a313a2231223b726f6c655f69647c733a313a2231223b726f6c657c733a353a2241646d696e223b6e616d657c733a31313a2261646d696e2074756e6173223b61646d696e5f6c6f67696e7c733a313a2231223b),
('e8681ba22337d5fe67b7fa821af29c162be93632', '202.80.216.131', 1583675324, 0x5f5f63695f6c6173745f726567656e65726174657c693a313538333637353332343b636172745f6974656d737c613a303a7b7d757365725f69647c733a313a2231223b726f6c655f69647c733a313a2231223b726f6c657c733a353a2241646d696e223b6e616d657c733a31313a2261646d696e2074756e6173223b61646d696e5f6c6f67696e7c733a313a2231223b),
('43fc06089bd47994c7e5f21149b5a72b41111fa8', '202.80.216.131', 1583675325, 0x5f5f63695f6c6173745f726567656e65726174657c693a313538333637353332343b636172745f6974656d737c613a303a7b7d757365725f69647c733a313a2231223b726f6c655f69647c733a313a2231223b726f6c657c733a353a2241646d696e223b6e616d657c733a31313a2261646d696e2074756e6173223b61646d696e5f6c6f67696e7c733a313a2231223b),
('299713775f8ad8579ebd1180b3489ecdc171a51a', '195.154.63.222', 1583684750, 0x5f5f63695f6c6173745f726567656e65726174657c693a313538333638343735303b636172745f6974656d737c613a303a7b7d),
('014bc082ee9627c65f9a2e837785ca7a5a8d825a', '163.172.70.242', 1583684751, 0x5f5f63695f6c6173745f726567656e65726174657c693a313538333638343735313b636172745f6974656d737c613a303a7b7d),
('ef8dceeaf0ced81dc560db8362fd3e3ce562e86e', '62.210.5.253', 1583686832, 0x5f5f63695f6c6173745f726567656e65726174657c693a313538333638363833323b636172745f6974656d737c613a303a7b7d),
('afb951232d7e1c36ddd6774b7c8104c0df4cb98b', '163.172.70.242', 1583686834, 0x5f5f63695f6c6173745f726567656e65726174657c693a313538333638363833343b636172745f6974656d737c613a303a7b7d),
('9b4f6db240436694809872e179e8c519cc94264f', '183.91.84.194', 1583724161, 0x5f5f63695f6c6173745f726567656e65726174657c693a313538333732343136313b636172745f6974656d737c613a303a7b7d),
('4b893304e28f63b2fed4f1e8cc2af5fd0af52966', '183.91.84.194', 1583724570, 0x5f5f63695f6c6173745f726567656e65726174657c693a313538333732343537303b636172745f6974656d737c613a303a7b7d757365725f69647c733a313a2231223b726f6c655f69647c733a313a2231223b726f6c657c733a353a2241646d696e223b6e616d657c733a31313a2261646d696e2074756e6173223b61646d696e5f6c6f67696e7c733a313a2231223b),
('80e4a7bb95dcd006865189295ac0174eb3caff9d', '183.91.84.194', 1583724571, 0x5f5f63695f6c6173745f726567656e65726174657c693a313538333732343537303b636172745f6974656d737c613a303a7b7d),
('21cf9ea6db23979c01e51ff5cd219fdf0c4b72e1', '183.91.84.194', 1583733761, 0x5f5f63695f6c6173745f726567656e65726174657c693a313538333733333736313b636172745f6974656d737c613a303a7b7d),
('ba90e36433335e52d412caf5576e3347fb8bd3d5', '183.91.84.194', 1583733762, 0x5f5f63695f6c6173745f726567656e65726174657c693a313538333733333736313b636172745f6974656d737c613a303a7b7d),
('c65075d99462949c67deee60b8eea9694bb0a4f5', '183.91.84.194', 1583812207, 0x5f5f63695f6c6173745f726567656e65726174657c693a313538333831323230373b636172745f6974656d737c613a303a7b7d),
('ad9eee013a9dde55e17bbd39e3640b8322b16855', '183.91.84.194', 1583812207, 0x5f5f63695f6c6173745f726567656e65726174657c693a313538333831323230373b636172745f6974656d737c613a303a7b7d),
('7224209eb57dad1a57525e076357a4210b1aa2cc', '183.91.84.194', 1583897926, 0x5f5f63695f6c6173745f726567656e65726174657c693a313538333839373932313b636172745f6974656d737c613a303a7b7d),
('72502aaf3005f1e846428db7b967a2d57ff23d2d', '183.91.84.194', 1583910461, 0x5f5f63695f6c6173745f726567656e65726174657c693a313538333931303436303b636172745f6974656d737c613a303a7b7d),
('49de885bbb5c11eb6217d5d430f2d8e224e8283e', '183.91.84.194', 1583930076, 0x5f5f63695f6c6173745f726567656e65726174657c693a313538333933303037353b636172745f6974656d737c613a303a7b7d),
('71cdaeddbba8e8f839cb04d01e97dc9f30ef0df0', '118.127.15.84', 1584042897, 0x5f5f63695f6c6173745f726567656e65726174657c693a313538343034323839363b636172745f6974656d737c613a303a7b7d),
('da2c1862b478bee96067b1baf9b85b5038ca2954', '118.127.15.84', 1584042897, 0x5f5f63695f6c6173745f726567656e65726174657c693a313538343034323839363b636172745f6974656d737c613a303a7b7d),
('4f9321747784c9cdeada6df390303befe0bf4685', '118.127.15.84', 1584042897, 0x5f5f63695f6c6173745f726567656e65726174657c693a313538343034323839373b636172745f6974656d737c613a303a7b7d),
('f6ee49189abbce6c3a2f10c6bb1643c88fa5f273', '118.127.15.84', 1584042897, 0x5f5f63695f6c6173745f726567656e65726174657c693a313538343034323839373b636172745f6974656d737c613a303a7b7d),
('gtp8bfrskpqodvg9p8d6u19re63gm679', '::1', 1584141241, 0x5f5f63695f6c6173745f726567656e65726174657c693a313538343134313234313b636172745f6974656d737c613a303a7b7d),
('6o8mbov6rbfqm1gs1tfoegqjqg3kmntv', '::1', 1584141906, 0x5f5f63695f6c6173745f726567656e65726174657c693a313538343134313930363b636172745f6974656d737c613a303a7b7d757365725f69647c733a313a2231223b726f6c655f69647c733a313a2231223b726f6c657c733a353a2241646d696e223b6e616d657c733a31313a2261646d696e2074756e6173223b666c6173685f6d6573736167657c733a31393a2257656c636f6d652061646d696e2074756e6173223b5f5f63695f766172737c613a313a7b733a31333a22666c6173685f6d657373616765223b733a333a226f6c64223b7d61646d696e5f6c6f67696e7c733a313a2231223b),
('fnnohl1oagdddk7tokcbb6p1eg06panv', '::1', 1584142213, 0x5f5f63695f6c6173745f726567656e65726174657c693a313538343134323231333b636172745f6974656d737c613a303a7b7d757365725f69647c733a313a2231223b726f6c655f69647c733a313a2231223b726f6c657c733a353a2241646d696e223b6e616d657c733a31313a2261646d696e2074756e6173223b61646d696e5f6c6f67696e7c733a313a2231223b),
('o39kju9t1gmmkn7e7t45f0ovspos42qj', '::1', 1584147973, 0x5f5f63695f6c6173745f726567656e65726174657c693a313538343134373937333b636172745f6974656d737c613a303a7b7d757365725f69647c733a313a2231223b726f6c655f69647c733a313a2231223b726f6c657c733a353a2241646d696e223b6e616d657c733a31313a2261646d696e2074756e6173223b61646d696e5f6c6f67696e7c733a313a2231223b),
('9rs12jhhuq0ehchmjgvfnj4s2pi9ok3n', '::1', 1584148343, 0x5f5f63695f6c6173745f726567656e65726174657c693a313538343134383334333b636172745f6974656d737c613a303a7b7d757365725f69647c733a313a2231223b726f6c655f69647c733a313a2231223b726f6c657c733a353a2241646d696e223b6e616d657c733a31313a2261646d696e2074756e6173223b61646d696e5f6c6f67696e7c733a313a2231223b),
('fipgd86376auch0qct20fnlpsua53b95', '::1', 1584148636, 0x5f5f63695f6c6173745f726567656e65726174657c693a313538343134383334333b636172745f6974656d737c613a303a7b7d757365725f69647c733a313a2231223b726f6c655f69647c733a313a2231223b726f6c657c733a353a2241646d696e223b6e616d657c733a31313a2261646d696e2074756e6173223b61646d696e5f6c6f67696e7c733a313a2231223b),
('drp9rj1n24dok7jtrnperrrfvh8vs77s', '::1', 1584273884, 0x5f5f63695f6c6173745f726567656e65726174657c693a313538343237333634313b636172745f6974656d737c613a303a7b7d),
('vi5ariprusbho7u6mg6sudb4qfghn3n7', '::1', 1584408949, 0x5f5f63695f6c6173745f726567656e65726174657c693a313538343430383934393b636172745f6974656d737c613a303a7b7d),
('tu3jvlma9l04rb3cksr0hr3ajh8meurv', '::1', 1584610922, 0x5f5f63695f6c6173745f726567656e65726174657c693a313538343631303932323b636172745f6974656d737c613a303a7b7d),
('eh5b852h065uo404mi777jmgs8r0iqjg', '::1', 1584612217, 0x5f5f63695f6c6173745f726567656e65726174657c693a313538343631323231373b636172745f6974656d737c613a303a7b7d),
('3gn3lkfe7ime9vslq6kji80g1cqs3ufg', '127.0.0.1', 1584612212, 0x5f5f63695f6c6173745f726567656e65726174657c693a313538343631323231323b636172745f6974656d737c613a303a7b7d757365725f69647c733a313a2231223b726f6c655f69647c733a313a2231223b726f6c657c733a353a2241646d696e223b6e616d657c733a31313a2261646d696e2074756e6173223b61646d696e5f6c6f67696e7c733a313a2231223b),
('s3469j47i93gfstdfk9p585lni36bro2', '127.0.0.1', 1584611913, 0x5f5f63695f6c6173745f726567656e65726174657c693a313538343631313931333b636172745f6974656d737c613a303a7b7d),
('569283tvd488krnbq1ikd55e8h6qp3vp', '127.0.0.1', 1584613412, 0x5f5f63695f6c6173745f726567656e65726174657c693a313538343631333431323b636172745f6974656d737c613a303a7b7d),
('cfrgdhqq1ksmq202o1b3m3b42i9uehq5', '::1', 1584612539, 0x5f5f63695f6c6173745f726567656e65726174657c693a313538343631323533393b636172745f6974656d737c613a303a7b7d757365725f69647c733a313a2231223b726f6c655f69647c733a313a2231223b726f6c657c733a353a2241646d696e223b6e616d657c733a31313a2261646d696e2074756e6173223b61646d696e5f6c6f67696e7c733a313a2231223b),
('b8vcl37n1f6hbedr17709g40d8ro827a', '::1', 1584612904, 0x5f5f63695f6c6173745f726567656e65726174657c693a313538343631323930343b636172745f6974656d737c613a303a7b7d757365725f69647c733a313a2231223b726f6c655f69647c733a313a2231223b726f6c657c733a353a2241646d696e223b6e616d657c733a31313a2261646d696e2074756e6173223b61646d696e5f6c6f67696e7c733a313a2231223b),
('v8nj5eghje89m6ning21jdtorucqi7j8', '::1', 1584613394, 0x5f5f63695f6c6173745f726567656e65726174657c693a313538343631333339343b636172745f6974656d737c613a303a7b7d757365725f69647c733a313a2231223b726f6c655f69647c733a313a2231223b726f6c657c733a353a2241646d696e223b6e616d657c733a31313a2261646d696e2074756e6173223b61646d696e5f6c6f67696e7c733a313a2231223b);
INSERT INTO `ci_sessions` (`id`, `ip_address`, `timestamp`, `data`) VALUES
('1gjjdp4oc7pms53ljaqh6mtdqua8setb', '::1', 1584613929, 0x5f5f63695f6c6173745f726567656e65726174657c693a313538343631333932393b636172745f6974656d737c613a303a7b7d757365725f69647c733a313a2231223b726f6c655f69647c733a313a2231223b726f6c657c733a353a2241646d696e223b6e616d657c733a31313a2261646d696e2074756e6173223b61646d696e5f6c6f67696e7c733a313a2231223b666c6173685f6d6573736167657c733a32373a22547261696e696e67206164646564207375636365737366756c6c79223b5f5f63695f766172737c613a313a7b733a31333a22666c6173685f6d657373616765223b733a333a226f6c64223b7d),
('5gnh81u31fpbumfaslauo2nmks7e07uu', '127.0.0.1', 1584613756, 0x5f5f63695f6c6173745f726567656e65726174657c693a313538343631333735363b636172745f6974656d737c613a303a7b7d),
('rr6n33c905c15co83ln69qa7h4rm0fd7', '127.0.0.1', 1584614071, 0x5f5f63695f6c6173745f726567656e65726174657c693a313538343631343037313b636172745f6974656d737c613a303a7b7d),
('61d8v0k5r327irr0rpt2kabp7i9p66n1', '::1', 1584615031, 0x5f5f63695f6c6173745f726567656e65726174657c693a313538343631353033313b636172745f6974656d737c613a303a7b7d757365725f69647c733a313a2231223b726f6c655f69647c733a313a2231223b726f6c657c733a353a2241646d696e223b6e616d657c733a31313a2261646d696e2074756e6173223b61646d696e5f6c6f67696e7c733a313a2231223b666c6173685f6d6573736167657c733a32373a22547261696e696e67206164646564207375636365737366756c6c79223b5f5f63695f766172737c613a313a7b733a31333a22666c6173685f6d657373616765223b733a333a226f6c64223b7d),
('faq5797k395fb532jdj26lj90ui96mtf', '127.0.0.1', 1584614372, 0x5f5f63695f6c6173745f726567656e65726174657c693a313538343631343337323b636172745f6974656d737c613a303a7b7d),
('hih9965ng90ovrbmaj2fa3nf7f3mgfab', '127.0.0.1', 1584614956, 0x5f5f63695f6c6173745f726567656e65726174657c693a313538343631343935363b636172745f6974656d737c613a303a7b7d),
('jvp6ooojmuin0qd74rg9ltdqosccdrp7', '127.0.0.1', 1584615428, 0x5f5f63695f6c6173745f726567656e65726174657c693a313538343631353432383b636172745f6974656d737c613a303a7b7d),
('nocrbu0n2p9nnrv1ebiv06nqi5o93m8u', '::1', 1584615078, 0x5f5f63695f6c6173745f726567656e65726174657c693a313538343631353033313b636172745f6974656d737c613a303a7b7d757365725f69647c733a313a2231223b726f6c655f69647c733a313a2231223b726f6c657c733a353a2241646d696e223b6e616d657c733a31313a2261646d696e2074756e6173223b61646d696e5f6c6f67696e7c733a313a2231223b666c6173685f6d6573736167657c733a32373a22547261696e696e67206164646564207375636365737366756c6c79223b5f5f63695f766172737c613a313a7b733a31333a22666c6173685f6d657373616765223b733a333a226f6c64223b7d),
('gp6lsq564egrk1lt5g69a33lsaltsli1', '127.0.0.1', 1584615761, 0x5f5f63695f6c6173745f726567656e65726174657c693a313538343631353736313b636172745f6974656d737c613a303a7b7d),
('oodjgb1httboobj3e7oisupri0ds0ghb', '127.0.0.1', 1584620930, 0x5f5f63695f6c6173745f726567656e65726174657c693a313538343632303933303b636172745f6974656d737c613a303a7b7d),
('q4mp9qu6e4mtp16mg8gm81krse0sr0g7', '127.0.0.1', 1584621744, 0x5f5f63695f6c6173745f726567656e65726174657c693a313538343632313734343b636172745f6974656d737c613a303a7b7d),
('c2ghpbslf1eemieuif04n73j8o2prtia', '127.0.0.1', 1584623480, 0x5f5f63695f6c6173745f726567656e65726174657c693a313538343632333438303b636172745f6974656d737c613a303a7b7d),
('sg6bn2se42am9ek036jeg1blfp7l035a', '127.0.0.1', 1584623647, 0x5f5f63695f6c6173745f726567656e65726174657c693a313538343632333438303b636172745f6974656d737c613a303a7b7d),
('h5ohflak1kpogtds8i2drc9k5ejssp24', '::1', 1584629638, 0x5f5f63695f6c6173745f726567656e65726174657c693a313538343632393633383b636172745f6974656d737c613a303a7b7d),
('fqceps4q798ukao978k1ogfisgsgohph', '::1', 1584629957, 0x5f5f63695f6c6173745f726567656e65726174657c693a313538343632393935373b636172745f6974656d737c613a303a7b7d),
('t48vdhi13dbkd79u6q96e4qfjt698uai', '::1', 1584634990, 0x5f5f63695f6c6173745f726567656e65726174657c693a313538343633343939303b636172745f6974656d737c613a303a7b7d),
('bio7mrm8ugdei4lnr4gbtvi2pf6s5il4', '::1', 1584635316, 0x5f5f63695f6c6173745f726567656e65726174657c693a313538343633353331363b636172745f6974656d737c613a303a7b7d),
('plpf924sg8r8s4l93cv8dvp8lhm5ljs4', '::1', 1584635814, 0x5f5f63695f6c6173745f726567656e65726174657c693a313538343633353831343b636172745f6974656d737c613a303a7b7d),
('g4hdmhf1kn3qf1p53ir5ucplrssid1p3', '::1', 1584635837, 0x5f5f63695f6c6173745f726567656e65726174657c693a313538343633353831343b636172745f6974656d737c613a303a7b7d),
('s8ugb52pi7ugq1gu70av9uohbe2g37at', '::1', 1584687299, 0x5f5f63695f6c6173745f726567656e65726174657c693a313538343638373239393b636172745f6974656d737c613a303a7b7d),
('r3eplc0bnmh004aqpdkd1ism5n37ek77', '::1', 1584688581, 0x5f5f63695f6c6173745f726567656e65726174657c693a313538343638383538313b636172745f6974656d737c613a303a7b7d),
('uorepu4hhmrocmurrge5675tohm6svqp', '::1', 1584690701, 0x5f5f63695f6c6173745f726567656e65726174657c693a313538343639303730313b636172745f6974656d737c613a303a7b7d757365725f69647c733a313a2231223b726f6c655f69647c733a313a2231223b726f6c657c733a353a2241646d696e223b6e616d657c733a31313a2261646d696e2074756e6173223b61646d696e5f6c6f67696e7c733a313a2231223b),
('j3f4m214bv1oa2jl855rclq8i1icm1q1', '::1', 1584691821, 0x5f5f63695f6c6173745f726567656e65726174657c693a313538343639313832313b636172745f6974656d737c613a303a7b7d757365725f69647c733a313a2231223b726f6c655f69647c733a313a2231223b726f6c657c733a353a2241646d696e223b6e616d657c733a31313a2261646d696e2074756e6173223b61646d696e5f6c6f67696e7c733a313a2231223b),
('gv0sohpd3n1e73l87rdeebtq4uamqo5e', '::1', 1584693294, 0x5f5f63695f6c6173745f726567656e65726174657c693a313538343639333239343b636172745f6974656d737c613a303a7b7d757365725f69647c733a313a2231223b726f6c655f69647c733a313a2231223b726f6c657c733a353a2241646d696e223b6e616d657c733a31313a2261646d696e2074756e6173223b61646d696e5f6c6f67696e7c733a313a2231223b),
('63pj0atpfev1tci6brc3eeh9tnvprhle', '::1', 1584698670, 0x5f5f63695f6c6173745f726567656e65726174657c693a313538343639383637303b636172745f6974656d737c613a303a7b7d757365725f69647c733a313a2231223b726f6c655f69647c733a313a2231223b726f6c657c733a353a2241646d696e223b6e616d657c733a31313a2261646d696e2074756e6173223b61646d696e5f6c6f67696e7c733a313a2231223b),
('umd51j1i302cbbbvqr8i4rhvh8a4h8lm', '::1', 1584705011, 0x5f5f63695f6c6173745f726567656e65726174657c693a313538343730353031313b636172745f6974656d737c613a303a7b7d757365725f69647c733a313a2231223b726f6c655f69647c733a313a2231223b726f6c657c733a353a2241646d696e223b6e616d657c733a31313a2261646d696e2074756e6173223b61646d696e5f6c6f67696e7c733a313a2231223b),
('gta2vuh7e91llh4ju4jtn1rllfu7hkt1', '::1', 1584706111, 0x5f5f63695f6c6173745f726567656e65726174657c693a313538343730363131313b636172745f6974656d737c613a303a7b7d757365725f69647c733a313a2231223b726f6c655f69647c733a313a2231223b726f6c657c733a353a2241646d696e223b6e616d657c733a31313a2261646d696e2074756e6173223b61646d696e5f6c6f67696e7c733a313a2231223b),
('2aafi94vklgrqqjn6as2suhnbij52o00', '::1', 1584706420, 0x5f5f63695f6c6173745f726567656e65726174657c693a313538343730363432303b636172745f6974656d737c613a303a7b7d757365725f69647c733a313a2231223b726f6c655f69647c733a313a2231223b726f6c657c733a353a2241646d696e223b6e616d657c733a31313a2261646d696e2074756e6173223b61646d696e5f6c6f67696e7c733a313a2231223b),
('ejo3ogkt130vcepcn2jrmc2meice3rdp', '::1', 1584706872, 0x5f5f63695f6c6173745f726567656e65726174657c693a313538343730363837323b636172745f6974656d737c613a303a7b7d757365725f69647c733a313a2231223b726f6c655f69647c733a313a2231223b726f6c657c733a353a2241646d696e223b6e616d657c733a31313a2261646d696e2074756e6173223b61646d696e5f6c6f67696e7c733a313a2231223b),
('04f830t3or9iukraofe2pq0sm677kjsa', '::1', 1584710377, 0x5f5f63695f6c6173745f726567656e65726174657c693a313538343731303337373b636172745f6974656d737c613a303a7b7d757365725f69647c733a313a2231223b726f6c655f69647c733a313a2231223b726f6c657c733a353a2241646d696e223b6e616d657c733a31313a2261646d696e2074756e6173223b61646d696e5f6c6f67696e7c733a313a2231223b),
('7el8qnqnf6ghtpg3thtoe7lvm3gtblej', '::1', 1584711178, 0x5f5f63695f6c6173745f726567656e65726174657c693a313538343731313137383b636172745f6974656d737c613a303a7b7d757365725f69647c733a313a2231223b726f6c655f69647c733a313a2231223b726f6c657c733a353a2241646d696e223b6e616d657c733a31313a2261646d696e2074756e6173223b61646d696e5f6c6f67696e7c733a313a2231223b),
('n9de10ftidd41v3e6vgfm8fgjr2r1g40', '::1', 1584711498, 0x5f5f63695f6c6173745f726567656e65726174657c693a313538343731313439383b636172745f6974656d737c613a303a7b7d757365725f69647c733a313a2231223b726f6c655f69647c733a313a2231223b726f6c657c733a353a2241646d696e223b6e616d657c733a31313a2261646d696e2074756e6173223b61646d696e5f6c6f67696e7c733a313a2231223b),
('kkfkv7o8i49mg010daedamdmgo05n39g', '::1', 1584712035, 0x5f5f63695f6c6173745f726567656e65726174657c693a313538343731323033353b636172745f6974656d737c613a303a7b7d757365725f69647c733a313a2231223b726f6c655f69647c733a313a2231223b726f6c657c733a353a2241646d696e223b6e616d657c733a31313a2261646d696e2074756e6173223b61646d696e5f6c6f67696e7c733a313a2231223b),
('ibmdjvpsjojmjd25sqgeqluju56qr1u5', '::1', 1584716138, 0x5f5f63695f6c6173745f726567656e65726174657c693a313538343731363133383b636172745f6974656d737c613a303a7b7d757365725f69647c733a313a2231223b726f6c655f69647c733a313a2231223b726f6c657c733a353a2241646d696e223b6e616d657c733a31313a2261646d696e2074756e6173223b61646d696e5f6c6f67696e7c733a313a2231223b),
('i24ftv9ic0n938n0tkltv2mjr8pdr4tp', '::1', 1584716138, 0x5f5f63695f6c6173745f726567656e65726174657c693a313538343731363133383b636172745f6974656d737c613a303a7b7d757365725f69647c733a313a2231223b726f6c655f69647c733a313a2231223b726f6c657c733a353a2241646d696e223b6e616d657c733a31313a2261646d696e2074756e6173223b61646d696e5f6c6f67696e7c733a313a2231223b),
('ii5d7sodr8g5c3cgl18qsv1m5n0rrcru', '::1', 1584755425, 0x5f5f63695f6c6173745f726567656e65726174657c693a313538343735353432353b636172745f6974656d737c613a303a7b7d757365725f69647c733a313a2231223b726f6c655f69647c733a313a2231223b726f6c657c733a353a2241646d696e223b6e616d657c733a31313a2261646d696e2074756e6173223b666c6173685f6d6573736167657c733a31393a2257656c636f6d652061646d696e2074756e6173223b5f5f63695f766172737c613a313a7b733a31333a22666c6173685f6d657373616765223b733a333a226f6c64223b7d61646d696e5f6c6f67696e7c733a313a2231223b),
('jpphmp0si1l067r5m5fe96lport64k1o', '::1', 1584756464, 0x5f5f63695f6c6173745f726567656e65726174657c693a313538343735363436343b636172745f6974656d737c613a303a7b7d757365725f69647c733a313a2231223b726f6c655f69647c733a313a2231223b726f6c657c733a353a2241646d696e223b6e616d657c733a31313a2261646d696e2074756e6173223b61646d696e5f6c6f67696e7c733a313a2231223b),
('dkbmradg0uci7q9fdck176s19efnfqn8', '::1', 1584757903, 0x5f5f63695f6c6173745f726567656e65726174657c693a313538343735373930333b636172745f6974656d737c613a303a7b7d757365725f69647c733a313a2231223b726f6c655f69647c733a313a2231223b726f6c657c733a353a2241646d696e223b6e616d657c733a31313a2261646d696e2074756e6173223b61646d696e5f6c6f67696e7c733a313a2231223b),
('1dss8mth6kk91gnunsgv69fnp1u9lsko', '::1', 1584758304, 0x5f5f63695f6c6173745f726567656e65726174657c693a313538343735383330343b636172745f6974656d737c613a303a7b7d757365725f69647c733a313a2231223b726f6c655f69647c733a313a2231223b726f6c657c733a353a2241646d696e223b6e616d657c733a31313a2261646d696e2074756e6173223b61646d696e5f6c6f67696e7c733a313a2231223b),
('bnru4cn6gqhhqkdmffjbrvuah2gav7hd', '::1', 1584758612, 0x5f5f63695f6c6173745f726567656e65726174657c693a313538343735383631323b636172745f6974656d737c613a303a7b7d757365725f69647c733a313a2231223b726f6c655f69647c733a313a2231223b726f6c657c733a353a2241646d696e223b6e616d657c733a31313a2261646d696e2074756e6173223b61646d696e5f6c6f67696e7c733a313a2231223b),
('v8ujet4tdbcnnf04isqf81tbu2ds96i8', '::1', 1584758931, 0x5f5f63695f6c6173745f726567656e65726174657c693a313538343735383933313b636172745f6974656d737c613a303a7b7d757365725f69647c733a313a2231223b726f6c655f69647c733a313a2231223b726f6c657c733a353a2241646d696e223b6e616d657c733a31313a2261646d696e2074756e6173223b61646d696e5f6c6f67696e7c733a313a2231223b),
('81866t60pkpceu23l5b85hrom7r904a3', '::1', 1584760526, 0x5f5f63695f6c6173745f726567656e65726174657c693a313538343736303532363b636172745f6974656d737c613a303a7b7d757365725f69647c733a313a2231223b726f6c655f69647c733a313a2231223b726f6c657c733a353a2241646d696e223b6e616d657c733a31313a2261646d696e2074756e6173223b61646d696e5f6c6f67696e7c733a313a2231223b),
('h18m9d9qvkpqbd60ejoo7mjef40ub6j0', '::1', 1584760936, 0x5f5f63695f6c6173745f726567656e65726174657c693a313538343736303933363b636172745f6974656d737c613a303a7b7d757365725f69647c733a313a2231223b726f6c655f69647c733a313a2231223b726f6c657c733a353a2241646d696e223b6e616d657c733a31313a2261646d696e2074756e6173223b61646d696e5f6c6f67696e7c733a313a2231223b666c6173685f6d6573736167657c733a32393a22547261696e696e672064656c65746564207375636365737366756c6c79223b5f5f63695f766172737c613a313a7b733a31333a22666c6173685f6d657373616765223b733a333a226f6c64223b7d),
('r00d897npn5beni20ua4jvl898bukhvq', '::1', 1584760980, 0x5f5f63695f6c6173745f726567656e65726174657c693a313538343736303933363b636172745f6974656d737c613a303a7b7d),
('4633sghk7207q6jnkcck4ftnv76nav2b', '::1', 1584768549, 0x5f5f63695f6c6173745f726567656e65726174657c693a313538343736383534393b636172745f6974656d737c613a303a7b7d),
('58q1b999m0hhlhqfonuhs9g1q137nmm7', '::1', 1584768549, 0x5f5f63695f6c6173745f726567656e65726174657c693a313538343736383534393b636172745f6974656d737c613a303a7b7d),
('ghlhs3tjp7vfjs6g8lm0i371a3t8aj8e', '::1', 1584775858, 0x5f5f63695f6c6173745f726567656e65726174657c693a313538343737353835383b636172745f6974656d737c613a303a7b7d),
('nlgdn8fh6u7kd51438sm47ge6niuobd2', '::1', 1584777371, 0x5f5f63695f6c6173745f726567656e65726174657c693a313538343737373337313b636172745f6974656d737c613a303a7b7d),
('mht5j3banhsmnbq3osn5ihr2rfnblldt', '::1', 1584777727, 0x5f5f63695f6c6173745f726567656e65726174657c693a313538343737373732373b636172745f6974656d737c613a303a7b7d),
('njp3smc3khnaj9mohc9o5ncl7jju9jvo', '::1', 1584780986, 0x5f5f63695f6c6173745f726567656e65726174657c693a313538343738303938363b636172745f6974656d737c613a303a7b7d),
('d90su6k75i4v6g953ra4kgdv8rkhi77l', '::1', 1584787829, 0x5f5f63695f6c6173745f726567656e65726174657c693a313538343738373832393b636172745f6974656d737c613a303a7b7d),
('8ket66bmmuh0bc0555mejp6bnl1cqvg8', '::1', 1584789223, 0x5f5f63695f6c6173745f726567656e65726174657c693a313538343738393232333b636172745f6974656d737c613a303a7b7d),
('9jjdt4rjqc0rmiaobm333itr5810d8jv', '::1', 1584791308, 0x5f5f63695f6c6173745f726567656e65726174657c693a313538343739313330383b636172745f6974656d737c613a303a7b7d757365725f69647c733a313a2234223b726f6c655f69647c733a313a2232223b726f6c657c733a343a2255736572223b6e616d657c733a31373a22417269662020576964697961746d696b6f223b757365725f6c6f67696e7c733a313a2231223b),
('3lqnnm1i41sqfks8a3uc3gdfi0l838r5', '::1', 1584793535, 0x5f5f63695f6c6173745f726567656e65726174657c693a313538343739333533353b636172745f6974656d737c613a303a7b7d757365725f69647c733a313a2234223b726f6c655f69647c733a313a2232223b726f6c657c733a343a2255736572223b6e616d657c733a31373a22417269662020576964697961746d696b6f223b757365725f6c6f67696e7c733a313a2231223b),
('tvco5urois39gm8mcs7m4nokqrvh0lge', '::1', 1584793841, 0x5f5f63695f6c6173745f726567656e65726174657c693a313538343739333834313b636172745f6974656d737c613a303a7b7d757365725f69647c733a313a2234223b726f6c655f69647c733a313a2232223b726f6c657c733a343a2255736572223b6e616d657c733a31373a22417269662020576964697961746d696b6f223b757365725f6c6f67696e7c733a313a2231223b),
('k9brsao582l7qf46bne4ibp0aqj3u579', '::1', 1584794473, 0x5f5f63695f6c6173745f726567656e65726174657c693a313538343739343437333b636172745f6974656d737c613a303a7b7d757365725f69647c733a313a2234223b726f6c655f69647c733a313a2232223b726f6c657c733a343a2255736572223b6e616d657c733a31373a22417269662020576964697961746d696b6f223b757365725f6c6f67696e7c733a313a2231223b),
('2lkvbbau4435chspkb9iho0sop777f9c', '::1', 1584794810, 0x5f5f63695f6c6173745f726567656e65726174657c693a313538343739343831303b636172745f6974656d737c613a303a7b7d757365725f69647c733a313a2234223b726f6c655f69647c733a313a2232223b726f6c657c733a343a2255736572223b6e616d657c733a31373a22417269662020576964697961746d696b6f223b757365725f6c6f67696e7c733a313a2231223b),
('s3ohar54rskmcl00um2d9uuuibsoacgf', '::1', 1584795111, 0x5f5f63695f6c6173745f726567656e65726174657c693a313538343739353131313b636172745f6974656d737c613a303a7b7d757365725f69647c733a313a2234223b726f6c655f69647c733a313a2232223b726f6c657c733a343a2255736572223b6e616d657c733a31373a22417269662020576964697961746d696b6f223b757365725f6c6f67696e7c733a313a2231223b),
('9ddm583ovbb872qgjc5ohg2ejd37rk16', '::1', 1584795564, 0x5f5f63695f6c6173745f726567656e65726174657c693a313538343739353536343b636172745f6974656d737c613a303a7b7d757365725f69647c733a313a2234223b726f6c655f69647c733a313a2232223b726f6c657c733a343a2255736572223b6e616d657c733a31373a22417269662020576964697961746d696b6f223b757365725f6c6f67696e7c733a313a2231223b),
('mjjmenke0rfu25b91ke963optsulajha', '::1', 1584795948, 0x5f5f63695f6c6173745f726567656e65726174657c693a313538343739353934383b636172745f6974656d737c613a303a7b7d757365725f69647c733a313a2234223b726f6c655f69647c733a313a2232223b726f6c657c733a343a2255736572223b6e616d657c733a31373a22417269662020576964697961746d696b6f223b757365725f6c6f67696e7c733a313a2231223b),
('5meq4tmen3r4tmklskevm8paksjadboc', '::1', 1584796261, 0x5f5f63695f6c6173745f726567656e65726174657c693a313538343739363236313b636172745f6974656d737c613a303a7b7d757365725f69647c733a313a2234223b726f6c655f69647c733a313a2232223b726f6c657c733a343a2255736572223b6e616d657c733a31373a22417269662020576964697961746d696b6f223b757365725f6c6f67696e7c733a313a2231223b),
('co26b777iekscpv1hdjrug42a7dmj1mm', '::1', 1584796417, 0x5f5f63695f6c6173745f726567656e65726174657c693a313538343739363236313b636172745f6974656d737c613a303a7b7d757365725f69647c733a313a2234223b726f6c655f69647c733a313a2232223b726f6c657c733a343a2255736572223b6e616d657c733a31373a22417269662020576964697961746d696b6f223b757365725f6c6f67696e7c733a313a2231223b),
('41ev5miimn1b1sif11o8shak2sqot0l1', '::1', 1584848145, 0x5f5f63695f6c6173745f726567656e65726174657c693a313538343834383134353b636172745f6974656d737c613a303a7b7d757365725f69647c733a313a2234223b726f6c655f69647c733a313a2232223b726f6c657c733a343a2255736572223b6e616d657c733a31373a22417269662020576964697961746d696b6f223b757365725f6c6f67696e7c733a313a2231223b),
('numbd74fjmn79i5eskavbdlpgfufam12', '::1', 1584848805, 0x5f5f63695f6c6173745f726567656e65726174657c693a313538343834383830353b636172745f6974656d737c613a303a7b7d757365725f69647c733a313a2234223b726f6c655f69647c733a313a2232223b726f6c657c733a343a2255736572223b6e616d657c733a31373a22417269662020576964697961746d696b6f223b666c6173685f6d6573736167657c733a32353a2257656c636f6d6520417269662020576964697961746d696b6f223b5f5f63695f766172737c613a313a7b733a31333a22666c6173685f6d657373616765223b733a333a226e6577223b7d757365725f6c6f67696e7c733a313a2231223b),
('cdpoeld3f2u3o07gmuj9jvbde92qlvdp', '::1', 1584849138, 0x5f5f63695f6c6173745f726567656e65726174657c693a313538343834393133383b636172745f6974656d737c613a303a7b7d757365725f69647c733a313a2234223b726f6c655f69647c733a313a2232223b726f6c657c733a343a2255736572223b6e616d657c733a31373a22417269662020576964697961746d696b6f223b666c6173685f6d6573736167657c733a32353a2257656c636f6d6520417269662020576964697961746d696b6f223b5f5f63695f766172737c613a313a7b733a31333a22666c6173685f6d657373616765223b733a333a226f6c64223b7d757365725f6c6f67696e7c733a313a2231223b),
('ub7pi8gphqokn3qpe8b9hqbjmvl8khqm', '::1', 1584849551, 0x5f5f63695f6c6173745f726567656e65726174657c693a313538343834393535313b636172745f6974656d737c613a303a7b7d757365725f69647c733a313a2234223b726f6c655f69647c733a313a2232223b726f6c657c733a343a2255736572223b6e616d657c733a31373a22417269662020576964697961746d696b6f223b757365725f6c6f67696e7c733a313a2231223b),
('5apg8rom2v785j2p70ht6bpl6ttdji9d', '::1', 1584850375, 0x5f5f63695f6c6173745f726567656e65726174657c693a313538343835303337353b636172745f6974656d737c613a303a7b7d757365725f69647c733a313a2234223b726f6c655f69647c733a313a2232223b726f6c657c733a343a2255736572223b6e616d657c733a31373a22417269662020576964697961746d696b6f223b757365725f6c6f67696e7c733a313a2231223b666c6173685f6d6573736167657c733a33303a225061727469636970616e74206164646564207375636365737366756c6c79223b5f5f63695f766172737c613a313a7b733a31333a22666c6173685f6d657373616765223b733a333a226f6c64223b7d),
('g3b55tuv0prmndcftgjnpfs4pq0790ml', '::1', 1584850735, 0x5f5f63695f6c6173745f726567656e65726174657c693a313538343835303733353b636172745f6974656d737c613a303a7b7d757365725f69647c733a313a2234223b726f6c655f69647c733a313a2232223b726f6c657c733a343a2255736572223b6e616d657c733a31373a22417269662020576964697961746d696b6f223b757365725f6c6f67696e7c733a313a2231223b),
('gfevkd7dameo2ktb6864s033dpe9ni0d', '::1', 1584851383, 0x5f5f63695f6c6173745f726567656e65726174657c693a313538343835313338333b636172745f6974656d737c613a303a7b7d757365725f69647c733a313a2234223b726f6c655f69647c733a313a2232223b726f6c657c733a343a2255736572223b6e616d657c733a31373a22417269662020576964697961746d696b6f223b757365725f6c6f67696e7c733a313a2231223b),
('neqqfgjm81bqsm4ha37ctmjs7rskuu77', '::1', 1584851944, 0x5f5f63695f6c6173745f726567656e65726174657c693a313538343835313934343b636172745f6974656d737c613a303a7b7d757365725f69647c733a313a2234223b726f6c655f69647c733a313a2232223b726f6c657c733a343a2255736572223b6e616d657c733a31373a22417269662020576964697961746d696b6f223b757365725f6c6f67696e7c733a313a2231223b),
('jh8d2m8m3kv7lvr3ham9uglv3vv8nvev', '::1', 1584852285, 0x5f5f63695f6c6173745f726567656e65726174657c693a313538343835323238353b636172745f6974656d737c613a303a7b7d757365725f69647c733a313a2234223b726f6c655f69647c733a313a2232223b726f6c657c733a343a2255736572223b6e616d657c733a31373a22417269662020576964697961746d696b6f223b757365725f6c6f67696e7c733a313a2231223b),
('vu95o2rumtvroga9agbbb7p1hns8d803', '::1', 1584853042, 0x5f5f63695f6c6173745f726567656e65726174657c693a313538343835333034323b636172745f6974656d737c613a303a7b7d757365725f69647c733a313a2234223b726f6c655f69647c733a313a2232223b726f6c657c733a343a2255736572223b6e616d657c733a31373a22417269662020576964697961746d696b6f223b757365725f6c6f67696e7c733a313a2231223b),
('n9kn70t6oio82jsgel9747utao0ug24t', '::1', 1584858877, 0x5f5f63695f6c6173745f726567656e65726174657c693a313538343835383837373b636172745f6974656d737c613a303a7b7d757365725f69647c733a313a2234223b726f6c655f69647c733a313a2232223b726f6c657c733a343a2255736572223b6e616d657c733a31373a22417269662020576964697961746d696b6f223b757365725f6c6f67696e7c733a313a2231223b),
('97rqeakltt37pd9jec3qbs3b3evo92mn', '::1', 1584859276, 0x5f5f63695f6c6173745f726567656e65726174657c693a313538343835393237363b636172745f6974656d737c613a303a7b7d757365725f69647c733a313a2234223b726f6c655f69647c733a313a2232223b726f6c657c733a343a2255736572223b6e616d657c733a31373a22417269662020576964697961746d696b6f223b757365725f6c6f67696e7c733a313a2231223b),
('4u2k91r812gk78r4ri3ila3fobapmcqi', '::1', 1584860117, 0x5f5f63695f6c6173745f726567656e65726174657c693a313538343836303131373b636172745f6974656d737c613a303a7b7d757365725f69647c733a313a2234223b726f6c655f69647c733a313a2232223b726f6c657c733a343a2255736572223b6e616d657c733a31373a22417269662020576964697961746d696b6f223b757365725f6c6f67696e7c733a313a2231223b666c6173685f6d6573736167657c733a33303a225061727469636970616e74206164646564207375636365737366756c6c79223b5f5f63695f766172737c613a313a7b733a31333a22666c6173685f6d657373616765223b733a333a226f6c64223b7d),
('n47g172hap03dcc9q31h6j9d2fdk6tmm', '::1', 1584861808, 0x5f5f63695f6c6173745f726567656e65726174657c693a313538343836313830383b636172745f6974656d737c613a303a7b7d757365725f69647c733a313a2234223b726f6c655f69647c733a313a2232223b726f6c657c733a343a2255736572223b6e616d657c733a31373a22417269662020576964697961746d696b6f223b757365725f6c6f67696e7c733a313a2231223b),
('rrfmlbvd42gu7h8hepuijpt2bm1ju0a2', '::1', 1584862168, 0x5f5f63695f6c6173745f726567656e65726174657c693a313538343836323136383b636172745f6974656d737c613a303a7b7d757365725f69647c733a313a2231223b726f6c655f69647c733a313a2231223b726f6c657c733a353a2241646d696e223b6e616d657c733a31313a2261646d696e2074756e6173223b666c6173685f6d6573736167657c733a31393a2257656c636f6d652061646d696e2074756e6173223b5f5f63695f766172737c613a313a7b733a31333a22666c6173685f6d657373616765223b733a333a226f6c64223b7d61646d696e5f6c6f67696e7c733a313a2231223b),
('nb8ullpoammcgj94pelmnfkjgmdf6nir', '::1', 1584862168, 0x5f5f63695f6c6173745f726567656e65726174657c693a313538343836323136383b636172745f6974656d737c613a303a7b7d757365725f69647c733a313a2231223b726f6c655f69647c733a313a2231223b726f6c657c733a353a2241646d696e223b6e616d657c733a31313a2261646d696e2074756e6173223b61646d696e5f6c6f67696e7c733a313a2231223b),
('j31adenjidcusblks6f7qebvrt8ms8ke', '::1', 1584871066, 0x5f5f63695f6c6173745f726567656e65726174657c693a313538343837313036363b636172745f6974656d737c613a303a7b7d757365725f69647c733a313a2231223b726f6c655f69647c733a313a2231223b726f6c657c733a353a2241646d696e223b6e616d657c733a31313a2261646d696e2074756e6173223b61646d696e5f6c6f67696e7c733a313a2231223b),
('94joa3o0ufp6g50u6alic1upfpnkrppr', '::1', 1584871387, 0x5f5f63695f6c6173745f726567656e65726174657c693a313538343837313338373b636172745f6974656d737c613a303a7b7d757365725f69647c733a313a2231223b726f6c655f69647c733a313a2231223b726f6c657c733a353a2241646d696e223b6e616d657c733a31313a2261646d696e2074756e6173223b61646d696e5f6c6f67696e7c733a313a2231223b),
('0pi6kd9mhjdb7sroouv6l51phngd8osp', '::1', 1584871708, 0x5f5f63695f6c6173745f726567656e65726174657c693a313538343837313730383b636172745f6974656d737c613a303a7b7d757365725f69647c733a313a2231223b726f6c655f69647c733a313a2231223b726f6c657c733a353a2241646d696e223b6e616d657c733a31313a2261646d696e2074756e6173223b61646d696e5f6c6f67696e7c733a313a2231223b),
('f5r700q85gccdnffqc17eg7qlh94kvpd', '::1', 1584871708, 0x5f5f63695f6c6173745f726567656e65726174657c693a313538343837313730383b636172745f6974656d737c613a303a7b7d757365725f69647c733a313a2231223b726f6c655f69647c733a313a2231223b726f6c657c733a353a2241646d696e223b6e616d657c733a31313a2261646d696e2074756e6173223b61646d696e5f6c6f67696e7c733a313a2231223b),
('aebgoagop8qigi88upc7idtkhodv9a10', '::1', 1585033993, 0x5f5f63695f6c6173745f726567656e65726174657c693a313538353033333939333b636172745f6974656d737c613a303a7b7d757365725f69647c733a313a2231223b726f6c655f69647c733a313a2231223b726f6c657c733a353a2241646d696e223b6e616d657c733a31313a2261646d696e2074756e6173223b666c6173685f6d6573736167657c733a31393a2257656c636f6d652061646d696e2074756e6173223b5f5f63695f766172737c613a313a7b733a31333a22666c6173685f6d657373616765223b733a333a226f6c64223b7d61646d696e5f6c6f67696e7c733a313a2231223b),
('b3d2l1uc9kegmn9kqjtgeebvjs8rqqrp', '::1', 1585034487, 0x5f5f63695f6c6173745f726567656e65726174657c693a313538353033343438373b636172745f6974656d737c613a303a7b7d757365725f69647c733a313a2231223b726f6c655f69647c733a313a2231223b726f6c657c733a353a2241646d696e223b6e616d657c733a31313a2261646d696e2074756e6173223b61646d696e5f6c6f67696e7c733a313a2231223b),
('e7arajc17rb08f6eubl6e32661pipm51', '::1', 1585035276, 0x5f5f63695f6c6173745f726567656e65726174657c693a313538353033353237363b636172745f6974656d737c613a303a7b7d757365725f69647c733a313a2231223b726f6c655f69647c733a313a2231223b726f6c657c733a353a2241646d696e223b6e616d657c733a31313a2261646d696e2074756e6173223b61646d696e5f6c6f67696e7c733a313a2231223b),
('rhlj21iqtsi9f0knghhbmnv7828vftpv', '::1', 1585036154, 0x5f5f63695f6c6173745f726567656e65726174657c693a313538353033363135343b636172745f6974656d737c613a303a7b7d757365725f69647c733a313a2231223b726f6c655f69647c733a313a2231223b726f6c657c733a353a2241646d696e223b6e616d657c733a31313a2261646d696e2074756e6173223b61646d696e5f6c6f67696e7c733a313a2231223b),
('91lhvt5aeen3fbtetfg4ftji61r783fo', '::1', 1585036593, 0x5f5f63695f6c6173745f726567656e65726174657c693a313538353033363539333b636172745f6974656d737c613a303a7b7d757365725f69647c733a313a2231223b726f6c655f69647c733a313a2231223b726f6c657c733a353a2241646d696e223b6e616d657c733a31313a2261646d696e2074756e6173223b61646d696e5f6c6f67696e7c733a313a2231223b),
('5idkhidk02sbmkhasgnclq1tec9l5r47', '::1', 1585037436, 0x5f5f63695f6c6173745f726567656e65726174657c693a313538353033373433363b636172745f6974656d737c613a303a7b7d757365725f69647c733a313a2231223b726f6c655f69647c733a313a2231223b726f6c657c733a353a2241646d696e223b6e616d657c733a31313a2261646d696e2074756e6173223b61646d696e5f6c6f67696e7c733a313a2231223b),
('q461grkv27i1fham90qs7cm18dto328s', '::1', 1585037765, 0x5f5f63695f6c6173745f726567656e65726174657c693a313538353033373736353b636172745f6974656d737c613a303a7b7d757365725f69647c733a313a2231223b726f6c655f69647c733a313a2231223b726f6c657c733a353a2241646d696e223b6e616d657c733a31313a2261646d696e2074756e6173223b61646d696e5f6c6f67696e7c733a313a2231223b),
('tq569c1inatqok56ncqqnf7qceug9ga1', '::1', 1585038257, 0x5f5f63695f6c6173745f726567656e65726174657c693a313538353033383235373b636172745f6974656d737c613a303a7b7d757365725f69647c733a313a2231223b726f6c655f69647c733a313a2231223b726f6c657c733a353a2241646d696e223b6e616d657c733a31313a2261646d696e2074756e6173223b61646d696e5f6c6f67696e7c733a313a2231223b),
('8h0ero0s2tghmrla0csgtmo0id5pread', '::1', 1585038476, 0x5f5f63695f6c6173745f726567656e65726174657c693a313538353033383235373b636172745f6974656d737c613a303a7b7d757365725f69647c733a313a2231223b726f6c655f69647c733a313a2231223b726f6c657c733a353a2241646d696e223b6e616d657c733a31313a2261646d696e2074756e6173223b61646d696e5f6c6f67696e7c733a313a2231223b),
('6ljtv9d136tge2pqh24df3drsjha03c2', '::1', 1585047705, 0x5f5f63695f6c6173745f726567656e65726174657c693a313538353034373730353b636172745f6974656d737c613a303a7b7d),
('nn9qeu2s5b4p2t93tem5rg726t01demk', '::1', 1585047746, 0x5f5f63695f6c6173745f726567656e65726174657c693a313538353034373730353b636172745f6974656d737c613a303a7b7d757365725f69647c733a313a2234223b726f6c655f69647c733a313a2232223b726f6c657c733a343a2255736572223b6e616d657c733a31373a22417269662020576964697961746d696b6f223b757365725f6c6f67696e7c733a313a2231223b),
('cp9pjp4nsvaotot048751p76hei82n6j', '127.0.0.1', 1585048104, 0x5f5f63695f6c6173745f726567656e65726174657c693a313538353034373834323b636172745f6974656d737c613a303a7b7d757365725f69647c733a313a2231223b726f6c655f69647c733a313a2231223b726f6c657c733a353a2241646d696e223b6e616d657c733a31313a2261646d696e2074756e6173223b61646d696e5f6c6f67696e7c733a313a2231223b666c6173685f6d6573736167657c733a33343a224c6573736f6e20686173206265656e206164646564207375636365737366756c6c79223b5f5f63695f766172737c613a313a7b733a31333a22666c6173685f6d657373616765223b733a333a226f6c64223b7d),
('dsf3a9rfti14i167k759odj3mnebpjbd', '127.0.0.1', 1585142323, 0x5f5f63695f6c6173745f726567656e65726174657c693a313538353134323332323b636172745f6974656d737c613a303a7b7d),
('dlatl2suv52uqusnkih91hmfkfabk89n', '::1', 1585142350, 0x5f5f63695f6c6173745f726567656e65726174657c693a313538353134323335303b636172745f6974656d737c613a303a7b7d),
('93famfrqb4qkt87g45ni6vivg2j51l6l', '::1', 1585218344, 0x5f5f63695f6c6173745f726567656e65726174657c693a313538353231383334343b636172745f6974656d737c613a303a7b7d),
('vn8h248c1hnue693s7bb8u7bu1guh8u3', '::1', 1585218882, 0x5f5f63695f6c6173745f726567656e65726174657c693a313538353231383838323b636172745f6974656d737c613a303a7b7d),
('km9i4e7qds49nju6bs7im2tlb2kp5nr2', '::1', 1585220040, 0x5f5f63695f6c6173745f726567656e65726174657c693a313538353232303034303b636172745f6974656d737c613a303a7b7d757365725f69647c733a313a2231223b726f6c655f69647c733a313a2231223b726f6c657c733a353a2241646d696e223b6e616d657c733a31313a2261646d696e2074756e6173223b61646d696e5f6c6f67696e7c733a313a2231223b),
('qng58ljq737emvnmvvngffhu6qj57u5j', '::1', 1585220347, 0x5f5f63695f6c6173745f726567656e65726174657c693a313538353232303334373b636172745f6974656d737c613a303a7b7d757365725f69647c733a313a2234223b726f6c655f69647c733a313a2232223b726f6c657c733a343a2255736572223b6e616d657c733a31373a22417269662020576964697961746d696b6f223b757365725f6c6f67696e7c733a313a2231223b),
('2h7o2roa1v3envo2oo4t29k1q3sabc7k', '::1', 1585220775, 0x5f5f63695f6c6173745f726567656e65726174657c693a313538353232303737353b636172745f6974656d737c613a303a7b7d757365725f69647c733a313a2234223b726f6c655f69647c733a313a2232223b726f6c657c733a343a2255736572223b6e616d657c733a31373a22417269662020576964697961746d696b6f223b757365725f6c6f67696e7c733a313a2231223b),
('7222jford98eq602qg8nspg3bo119kss', '::1', 1585221116, 0x5f5f63695f6c6173745f726567656e65726174657c693a313538353232313131363b636172745f6974656d737c613a303a7b7d757365725f69647c733a313a2231223b726f6c655f69647c733a313a2231223b726f6c657c733a353a2241646d696e223b6e616d657c733a31313a2261646d696e2074756e6173223b61646d696e5f6c6f67696e7c733a313a2231223b),
('2qdpqgfuh7remq5uv5fr9d76fc2ae592', '::1', 1585227025, 0x5f5f63695f6c6173745f726567656e65726174657c693a313538353232373032353b636172745f6974656d737c613a303a7b7d6c61796f75747c733a343a226c697374223b757365725f69647c733a313a2234223b726f6c655f69647c733a313a2232223b726f6c657c733a343a2255736572223b6e616d657c733a31373a22417269662020576964697961746d696b6f223b757365725f6c6f67696e7c733a313a2231223b),
('gq3i2cls5q912jhhmda8g9gskjg2305s', '::1', 1585227554, 0x5f5f63695f6c6173745f726567656e65726174657c693a313538353232373535343b636172745f6974656d737c613a303a7b7d6c61796f75747c733a343a226c697374223b757365725f69647c733a313a2234223b726f6c655f69647c733a313a2232223b726f6c657c733a343a2255736572223b6e616d657c733a31373a22417269662020576964697961746d696b6f223b757365725f6c6f67696e7c733a313a2231223b),
('eifst39e4ghegno24rgq0ppvi1gf8mna', '::1', 1585228379, 0x5f5f63695f6c6173745f726567656e65726174657c693a313538353232383337393b636172745f6974656d737c613a303a7b7d6c61796f75747c733a343a226c697374223b757365725f69647c733a313a2234223b726f6c655f69647c733a313a2232223b726f6c657c733a343a2255736572223b6e616d657c733a31373a22417269662020576964697961746d696b6f223b757365725f6c6f67696e7c733a313a2231223b),
('f4b3lfdg1o8cuq9sllek3fcsbrbotkid', '::1', 1585229240, 0x5f5f63695f6c6173745f726567656e65726174657c693a313538353232393234303b636172745f6974656d737c613a303a7b7d6c61796f75747c733a343a226c697374223b757365725f69647c733a313a2234223b726f6c655f69647c733a313a2232223b726f6c657c733a343a2255736572223b6e616d657c733a31373a22417269662020576964697961746d696b6f223b757365725f6c6f67696e7c733a313a2231223b),
('t16d8c0qjnq37htefeo4lglu7c0vonog', '::1', 1585231717, 0x5f5f63695f6c6173745f726567656e65726174657c693a313538353233313731373b636172745f6974656d737c613a303a7b7d6c61796f75747c733a343a226c697374223b757365725f69647c733a313a2234223b726f6c655f69647c733a313a2232223b726f6c657c733a343a2255736572223b6e616d657c733a31373a22417269662020576964697961746d696b6f223b757365725f6c6f67696e7c733a313a2231223b),
('tgrqa1m7i2ba3suag260kgavvqir6k3u', '::1', 1585232202, 0x5f5f63695f6c6173745f726567656e65726174657c693a313538353233323230323b636172745f6974656d737c613a303a7b7d6c61796f75747c733a343a226c697374223b757365725f69647c733a313a2231223b726f6c655f69647c733a313a2231223b726f6c657c733a353a2241646d696e223b6e616d657c733a31313a2261646d696e2074756e6173223b61646d696e5f6c6f67696e7c733a313a2231223b),
('s6nats35p25blson237ep6fjibl1b7ek', '::1', 1585232660, 0x5f5f63695f6c6173745f726567656e65726174657c693a313538353233323636303b636172745f6974656d737c613a303a7b7d6c61796f75747c733a343a226c697374223b757365725f69647c733a313a2231223b726f6c655f69647c733a313a2231223b726f6c657c733a353a2241646d696e223b6e616d657c733a31313a2261646d696e2074756e6173223b61646d696e5f6c6f67696e7c733a313a2231223b),
('dted0e4pjmip5274a48vgbfkibgd3n14', '::1', 1585233026, 0x5f5f63695f6c6173745f726567656e65726174657c693a313538353233333032363b636172745f6974656d737c613a303a7b7d6c61796f75747c733a343a226c697374223b757365725f69647c733a313a2231223b726f6c655f69647c733a313a2231223b726f6c657c733a353a2241646d696e223b6e616d657c733a31313a2261646d696e2074756e6173223b61646d696e5f6c6f67696e7c733a313a2231223b),
('9tnb9tmdq1eq5up7uea8of08nd050kkn', '::1', 1585233964, 0x5f5f63695f6c6173745f726567656e65726174657c693a313538353233333936343b636172745f6974656d737c613a303a7b7d6c61796f75747c733a343a226c697374223b757365725f69647c733a313a2231223b726f6c655f69647c733a313a2231223b726f6c657c733a353a2241646d696e223b6e616d657c733a31313a2261646d696e2074756e6173223b61646d696e5f6c6f67696e7c733a313a2231223b),
('i3j53ri25rr6pi6te58b32111026h7g0', '::1', 1585234574, 0x5f5f63695f6c6173745f726567656e65726174657c693a313538353233343537343b636172745f6974656d737c613a303a7b7d6c61796f75747c733a343a226c697374223b757365725f69647c733a313a2231223b726f6c655f69647c733a313a2231223b726f6c657c733a353a2241646d696e223b6e616d657c733a31313a2261646d696e2074756e6173223b61646d696e5f6c6f67696e7c733a313a2231223b),
('5619e83meuu120mi9jhn8ac6bof7d492', '::1', 1585235052, 0x5f5f63695f6c6173745f726567656e65726174657c693a313538353233353035323b636172745f6974656d737c613a303a7b7d6c61796f75747c733a343a226c697374223b757365725f69647c733a313a2231223b726f6c655f69647c733a313a2231223b726f6c657c733a353a2241646d696e223b6e616d657c733a31313a2261646d696e2074756e6173223b61646d696e5f6c6f67696e7c733a313a2231223b),
('f86jfg8uckv4odhbjp480dssgjkqv7ck', '::1', 1585235445, 0x5f5f63695f6c6173745f726567656e65726174657c693a313538353233353434353b636172745f6974656d737c613a303a7b7d6c61796f75747c733a343a226c697374223b757365725f69647c733a313a2231223b726f6c655f69647c733a313a2231223b726f6c657c733a353a2241646d696e223b6e616d657c733a31313a2261646d696e2074756e6173223b61646d696e5f6c6f67696e7c733a313a2231223b),
('f3p8fum3ioc0ukatvpjrvdlul6gibenb', '::1', 1585236269, 0x5f5f63695f6c6173745f726567656e65726174657c693a313538353233363236393b636172745f6974656d737c613a303a7b7d6c61796f75747c733a343a226c697374223b757365725f69647c733a313a2231223b726f6c655f69647c733a313a2231223b726f6c657c733a353a2241646d696e223b6e616d657c733a31313a2261646d696e2074756e6173223b61646d696e5f6c6f67696e7c733a313a2231223b),
('upvdnnl17kb7r794th3hbmqh2pgam78u', '::1', 1585236617, 0x5f5f63695f6c6173745f726567656e65726174657c693a313538353233363631373b636172745f6974656d737c613a303a7b7d6c61796f75747c733a343a226c697374223b757365725f69647c733a313a2231223b726f6c655f69647c733a313a2231223b726f6c657c733a353a2241646d696e223b6e616d657c733a31313a2261646d696e2074756e6173223b61646d696e5f6c6f67696e7c733a313a2231223b),
('q4qe45h9bh6sfbgv394e9kft6svehbb7', '::1', 1585239054, 0x5f5f63695f6c6173745f726567656e65726174657c693a313538353233393035343b636172745f6974656d737c613a303a7b7d6c61796f75747c733a343a226c697374223b757365725f69647c733a313a2231223b726f6c655f69647c733a313a2231223b726f6c657c733a353a2241646d696e223b6e616d657c733a31313a2261646d696e2074756e6173223b61646d696e5f6c6f67696e7c733a313a2231223b),
('f8mvr684eh6nj7115rmosq4r1tgnptmk', '::1', 1585239368, 0x5f5f63695f6c6173745f726567656e65726174657c693a313538353233393336383b636172745f6974656d737c613a303a7b7d6c61796f75747c733a343a226c697374223b757365725f69647c733a313a2231223b726f6c655f69647c733a313a2231223b726f6c657c733a353a2241646d696e223b6e616d657c733a31313a2261646d696e2074756e6173223b61646d696e5f6c6f67696e7c733a313a2231223b),
('ncqb27l62r4vb1rpq1fhm09ti7sqktl0', '::1', 1585240456, 0x5f5f63695f6c6173745f726567656e65726174657c693a313538353234303435363b636172745f6974656d737c613a303a7b7d6c61796f75747c733a343a226c697374223b757365725f69647c733a313a2231223b726f6c655f69647c733a313a2231223b726f6c657c733a353a2241646d696e223b6e616d657c733a31313a2261646d696e2074756e6173223b61646d696e5f6c6f67696e7c733a313a2231223b),
('54vnhak09mn7kcs9hqv6g5s8qul5lbue', '::1', 1585240523, 0x5f5f63695f6c6173745f726567656e65726174657c693a313538353234303435363b636172745f6974656d737c613a303a7b7d6c61796f75747c733a343a226c697374223b757365725f69647c733a313a2231223b726f6c655f69647c733a313a2231223b726f6c657c733a353a2241646d696e223b6e616d657c733a31313a2261646d696e2074756e6173223b61646d696e5f6c6f67696e7c733a313a2231223b),
('7mcdlt0khqd99gub987gk056rfdoaj8p', '::1', 1585274381, 0x5f5f63695f6c6173745f726567656e65726174657c693a313538353237343338313b636172745f6974656d737c613a303a7b7d757365725f69647c733a313a2231223b726f6c655f69647c733a313a2231223b726f6c657c733a353a2241646d696e223b6e616d657c733a31313a2261646d696e2074756e6173223b61646d696e5f6c6f67696e7c733a313a2231223b666c6173685f6d6573736167657c733a33353a2253656374696f6e20686173206265656e206164646564207375636365737366756c6c79223b5f5f63695f766172737c613a313a7b733a31333a22666c6173685f6d657373616765223b733a333a226f6c64223b7d),
('ut93cakvu3npjem4cpo45ccd9fhs8101', '::1', 1585280195, 0x5f5f63695f6c6173745f726567656e65726174657c693a313538353238303139353b636172745f6974656d737c613a303a7b7d757365725f69647c733a313a2231223b726f6c655f69647c733a313a2231223b726f6c657c733a353a2241646d696e223b6e616d657c733a31313a2261646d696e2074756e6173223b61646d696e5f6c6f67696e7c733a313a2231223b),
('j4idskbquj0evd98h1s8av5faislto42', '::1', 1585281395, 0x5f5f63695f6c6173745f726567656e65726174657c693a313538353238313339353b636172745f6974656d737c613a303a7b7d757365725f69647c733a313a2231223b726f6c655f69647c733a313a2231223b726f6c657c733a353a2241646d696e223b6e616d657c733a31313a2261646d696e2074756e6173223b61646d696e5f6c6f67696e7c733a313a2231223b),
('qpuqovvt29pa53h4bhjf7odlsr5qgvtt', '::1', 1585285010, 0x5f5f63695f6c6173745f726567656e65726174657c693a313538353238353031303b636172745f6974656d737c613a303a7b7d757365725f69647c733a313a2231223b726f6c655f69647c733a313a2231223b726f6c657c733a353a2241646d696e223b6e616d657c733a31313a2261646d696e2074756e6173223b61646d696e5f6c6f67696e7c733a313a2231223b),
('dtb309fupdgj5qsld8000dt6b75tat99', '::1', 1585285333, 0x5f5f63695f6c6173745f726567656e65726174657c693a313538353238353333333b636172745f6974656d737c613a303a7b7d757365725f69647c733a313a2231223b726f6c655f69647c733a313a2231223b726f6c657c733a353a2241646d696e223b6e616d657c733a31313a2261646d696e2074756e6173223b61646d696e5f6c6f67696e7c733a313a2231223b),
('e2g90amf37ngk3d4tjf6fbcdj1kekemf', '::1', 1585285745, 0x5f5f63695f6c6173745f726567656e65726174657c693a313538353238353734353b636172745f6974656d737c613a303a7b7d757365725f69647c733a313a2231223b726f6c655f69647c733a313a2231223b726f6c657c733a353a2241646d696e223b6e616d657c733a31313a2261646d696e2074756e6173223b61646d696e5f6c6f67696e7c733a313a2231223b),
('7ntv6hsl209bqgm72p860k91pf02kojb', '::1', 1585286160, 0x5f5f63695f6c6173745f726567656e65726174657c693a313538353238363136303b636172745f6974656d737c613a303a7b7d757365725f69647c733a313a2231223b726f6c655f69647c733a313a2231223b726f6c657c733a353a2241646d696e223b6e616d657c733a31313a2261646d696e2074756e6173223b61646d696e5f6c6f67696e7c733a313a2231223b),
('374l0ckooq9h7lb8h5ene6cfncokcc2f', '::1', 1585286469, 0x5f5f63695f6c6173745f726567656e65726174657c693a313538353238363436393b636172745f6974656d737c613a303a7b7d757365725f69647c733a313a2231223b726f6c655f69647c733a313a2231223b726f6c657c733a353a2241646d696e223b6e616d657c733a31313a2261646d696e2074756e6173223b61646d696e5f6c6f67696e7c733a313a2231223b),
('4hr5d3k8kr7n9ljbkrlpmoilpc94repm', '::1', 1585288988, 0x5f5f63695f6c6173745f726567656e65726174657c693a313538353238383938383b636172745f6974656d737c613a303a7b7d757365725f69647c733a313a2231223b726f6c655f69647c733a313a2231223b726f6c657c733a353a2241646d696e223b6e616d657c733a31313a2261646d696e2074756e6173223b61646d696e5f6c6f67696e7c733a313a2231223b),
('kg6lbpvsd1a969pvj62j1h86qg9hombo', '::1', 1585289295, 0x5f5f63695f6c6173745f726567656e65726174657c693a313538353238393239353b636172745f6974656d737c613a303a7b7d757365725f69647c733a313a2231223b726f6c655f69647c733a313a2231223b726f6c657c733a353a2241646d696e223b6e616d657c733a31313a2261646d696e2074756e6173223b61646d696e5f6c6f67696e7c733a313a2231223b),
('pdfvvgeolcjva4acmklv0r8j31vp3aov', '::1', 1585289615, 0x5f5f63695f6c6173745f726567656e65726174657c693a313538353238393631353b636172745f6974656d737c613a303a7b7d757365725f69647c733a313a2231223b726f6c655f69647c733a313a2231223b726f6c657c733a353a2241646d696e223b6e616d657c733a31313a2261646d696e2074756e6173223b61646d696e5f6c6f67696e7c733a313a2231223b),
('oqqva48difp1i93b9aitoo3ef2gbf50d', '::1', 1585290238, 0x5f5f63695f6c6173745f726567656e65726174657c693a313538353239303233383b636172745f6974656d737c613a303a7b7d757365725f69647c733a313a2231223b726f6c655f69647c733a313a2231223b726f6c657c733a353a2241646d696e223b6e616d657c733a31313a2261646d696e2074756e6173223b61646d696e5f6c6f67696e7c733a313a2231223b),
('18lbku9l29uiq085f660j83cdf93a28v', '::1', 1585290746, 0x5f5f63695f6c6173745f726567656e65726174657c693a313538353239303734363b636172745f6974656d737c613a303a7b7d757365725f69647c733a313a2231223b726f6c655f69647c733a313a2231223b726f6c657c733a353a2241646d696e223b6e616d657c733a31313a2261646d696e2074756e6173223b61646d696e5f6c6f67696e7c733a313a2231223b),
('2r4ot5t8mqpakagp2n527qcpfir7opba', '::1', 1585291161, 0x5f5f63695f6c6173745f726567656e65726174657c693a313538353239313136313b636172745f6974656d737c613a303a7b7d757365725f69647c733a313a2231223b726f6c655f69647c733a313a2231223b726f6c657c733a353a2241646d696e223b6e616d657c733a31313a2261646d696e2074756e6173223b61646d696e5f6c6f67696e7c733a313a2231223b),
('b1ak66brtejjgmagiq9l7kfsop5u0l5r', '::1', 1585294573, 0x5f5f63695f6c6173745f726567656e65726174657c693a313538353239343537333b636172745f6974656d737c613a303a7b7d757365725f69647c733a313a2231223b726f6c655f69647c733a313a2231223b726f6c657c733a353a2241646d696e223b6e616d657c733a31313a2261646d696e2074756e6173223b61646d696e5f6c6f67696e7c733a313a2231223b),
('urof1b632jc40nji16h3ubl2f0i5t6fl', '::1', 1585295138, 0x5f5f63695f6c6173745f726567656e65726174657c693a313538353239353133383b636172745f6974656d737c613a303a7b7d757365725f69647c733a313a2231223b726f6c655f69647c733a313a2231223b726f6c657c733a353a2241646d696e223b6e616d657c733a31313a2261646d696e2074756e6173223b61646d696e5f6c6f67696e7c733a313a2231223b),
('om8pkgs92e1hc35js8clo575bo81mhkt', '::1', 1585295456, 0x5f5f63695f6c6173745f726567656e65726174657c693a313538353239353435363b636172745f6974656d737c613a303a7b7d757365725f69647c733a313a2231223b726f6c655f69647c733a313a2231223b726f6c657c733a353a2241646d696e223b6e616d657c733a31313a2261646d696e2074756e6173223b61646d696e5f6c6f67696e7c733a313a2231223b),
('q1duppk1c9e6kle20r7pc73o3n3mavg7', '::1', 1585295772, 0x5f5f63695f6c6173745f726567656e65726174657c693a313538353239353737323b636172745f6974656d737c613a303a7b7d757365725f69647c733a313a2231223b726f6c655f69647c733a313a2231223b726f6c657c733a353a2241646d696e223b6e616d657c733a31313a2261646d696e2074756e6173223b61646d696e5f6c6f67696e7c733a313a2231223b),
('cbc0cdsn0hc4a9de1aqh3dq3g69hepqd', '::1', 1585296086, 0x5f5f63695f6c6173745f726567656e65726174657c693a313538353239363038363b636172745f6974656d737c613a303a7b7d757365725f69647c733a313a2231223b726f6c655f69647c733a313a2231223b726f6c657c733a353a2241646d696e223b6e616d657c733a31313a2261646d696e2074756e6173223b61646d696e5f6c6f67696e7c733a313a2231223b),
('jaannkkojkdm3uhsnj7n03g99ev4edjr', '::1', 1585298912, 0x5f5f63695f6c6173745f726567656e65726174657c693a313538353239383931323b636172745f6974656d737c613a303a7b7d757365725f69647c733a313a2231223b726f6c655f69647c733a313a2231223b726f6c657c733a353a2241646d696e223b6e616d657c733a31313a2261646d696e2074756e6173223b61646d696e5f6c6f67696e7c733a313a2231223b),
('kk2cvh8ramk3avnet9l8d16m1hbk3vg4', '::1', 1585299224, 0x5f5f63695f6c6173745f726567656e65726174657c693a313538353239393232343b636172745f6974656d737c613a303a7b7d757365725f69647c733a313a2231223b726f6c655f69647c733a313a2231223b726f6c657c733a353a2241646d696e223b6e616d657c733a31313a2261646d696e2074756e6173223b61646d696e5f6c6f67696e7c733a313a2231223b),
('piie7cg5vm29ckdnlit97molbtfjf9fv', '::1', 1585300365, 0x5f5f63695f6c6173745f726567656e65726174657c693a313538353330303336353b636172745f6974656d737c613a303a7b7d757365725f69647c733a313a2231223b726f6c655f69647c733a313a2231223b726f6c657c733a353a2241646d696e223b6e616d657c733a31313a2261646d696e2074756e6173223b61646d696e5f6c6f67696e7c733a313a2231223b),
('lffeihehop34k4iv53eq3k3bek1u6uui', '::1', 1585300365, 0x5f5f63695f6c6173745f726567656e65726174657c693a313538353330303336353b636172745f6974656d737c613a303a7b7d757365725f69647c733a313a2231223b726f6c655f69647c733a313a2231223b726f6c657c733a353a2241646d696e223b6e616d657c733a31313a2261646d696e2074756e6173223b61646d696e5f6c6f67696e7c733a313a2231223b),
('67ovq6a3vb2tqqfjk21iuqrsp88o71cu', '::1', 1585372443, 0x5f5f63695f6c6173745f726567656e65726174657c693a313538353337323434333b636172745f6974656d737c613a303a7b7d757365725f69647c733a313a2231223b726f6c655f69647c733a313a2231223b726f6c657c733a353a2241646d696e223b6e616d657c733a31313a2261646d696e2074756e6173223b666c6173685f6d6573736167657c733a31393a2257656c636f6d652061646d696e2074756e6173223b5f5f63695f766172737c613a313a7b733a31333a22666c6173685f6d657373616765223b733a333a226f6c64223b7d61646d696e5f6c6f67696e7c733a313a2231223b),
('5ag4npjd3jgaem2m5k9cjkmntcirv5mh', '::1', 1585378271, 0x5f5f63695f6c6173745f726567656e65726174657c693a313538353337383237313b636172745f6974656d737c613a303a7b7d757365725f69647c733a313a2231223b726f6c655f69647c733a313a2231223b726f6c657c733a353a2241646d696e223b6e616d657c733a31313a2261646d696e2074756e6173223b61646d696e5f6c6f67696e7c733a313a2231223b),
('lq9lf0m6os3f32q6me1bumpi8i1hdptn', '::1', 1585378481, 0x5f5f63695f6c6173745f726567656e65726174657c693a313538353337383237313b636172745f6974656d737c613a303a7b7d757365725f69647c733a313a2231223b726f6c655f69647c733a313a2231223b726f6c657c733a353a2241646d696e223b6e616d657c733a31313a2261646d696e2074756e6173223b61646d696e5f6c6f67696e7c733a313a2231223b),
('9s973f8m8cv59365hlsejjnjqjts28fr', '127.0.0.1', 1585380463, 0x5f5f63695f6c6173745f726567656e65726174657c693a313538353338303436323b636172745f6974656d737c613a303a7b7d),
('utcevllr5501gugb5te8l4qhtt590h1a', '::1', 1585392863, 0x5f5f63695f6c6173745f726567656e65726174657c693a313538353339323836333b636172745f6974656d737c613a303a7b7d757365725f69647c733a313a2231223b726f6c655f69647c733a313a2231223b726f6c657c733a353a2241646d696e223b6e616d657c733a31313a2261646d696e2074756e6173223b61646d696e5f6c6f67696e7c733a313a2231223b),
('lvdbtj2dhhl3nlfejhti4siuqsh8vfbe', '::1', 1585393335, 0x5f5f63695f6c6173745f726567656e65726174657c693a313538353339333333353b636172745f6974656d737c613a303a7b7d757365725f69647c733a313a2231223b726f6c655f69647c733a313a2231223b726f6c657c733a353a2241646d696e223b6e616d657c733a31313a2261646d696e2074756e6173223b61646d696e5f6c6f67696e7c733a313a2231223b),
('3jr08ki13tlqbodbkq2iiqkrpmdb5unm', '::1', 1585393642, 0x5f5f63695f6c6173745f726567656e65726174657c693a313538353339333634323b636172745f6974656d737c613a303a7b7d),
('ee2g0b1krergjjvfsa94bdachdhbgasg', '::1', 1585397932, 0x5f5f63695f6c6173745f726567656e65726174657c693a313538353339373933323b636172745f6974656d737c613a303a7b7d),
('jqgkeote1mhf8bji9k39vcr99em4ohe8', '::1', 1585401662, 0x5f5f63695f6c6173745f726567656e65726174657c693a313538353430313636323b636172745f6974656d737c613a303a7b7d),
('4jgitgqbus6jp8em82kcorfg5c662abq', '::1', 1585406160, 0x5f5f63695f6c6173745f726567656e65726174657c693a313538353430363136303b636172745f6974656d737c613a303a7b7d);
INSERT INTO `ci_sessions` (`id`, `ip_address`, `timestamp`, `data`) VALUES
('2ledfpm99a581ggek58qnehdc2bqpsi0', '::1', 1585406173, 0x5f5f63695f6c6173745f726567656e65726174657c693a313538353430363136303b636172745f6974656d737c613a303a7b7d757365725f69647c733a313a2231223b726f6c655f69647c733a313a2231223b726f6c657c733a353a2241646d696e223b6e616d657c733a31313a2261646d696e2074756e6173223b666c6173685f6d6573736167657c733a31393a2257656c636f6d652061646d696e2074756e6173223b5f5f63695f766172737c613a313a7b733a31333a22666c6173685f6d657373616765223b733a333a226f6c64223b7d61646d696e5f6c6f67696e7c733a313a2231223b),
('pscqci1sguctbk3l9i7ftbbb788tdlfd', '::1', 1585446663, 0x5f5f63695f6c6173745f726567656e65726174657c693a313538353434363636333b636172745f6974656d737c613a303a7b7d),
('mautoame48j5eauhj6hhf9d1c757mq1r', '::1', 1585447031, 0x5f5f63695f6c6173745f726567656e65726174657c693a313538353434373033313b636172745f6974656d737c613a303a7b7d),
('9ern7a4se91obdaf4bunvomo5kv2hpvj', '::1', 1585452917, 0x5f5f63695f6c6173745f726567656e65726174657c693a313538353435323931373b636172745f6974656d737c613a303a7b7d),
('63mdseorur8ho7fi7k0im3k2omncecgj', '::1', 1585454006, 0x5f5f63695f6c6173745f726567656e65726174657c693a313538353435343030363b636172745f6974656d737c613a303a7b7d),
('82h9jne72rl5j0co81bd60qbeof3k492', '::1', 1585456421, 0x5f5f63695f6c6173745f726567656e65726174657c693a313538353435363432313b636172745f6974656d737c613a303a7b7d),
('smchs5m12931l82i97s2rqn0t0bkmujm', '::1', 1585457274, 0x5f5f63695f6c6173745f726567656e65726174657c693a313538353435373237343b636172745f6974656d737c613a303a7b7d757365725f69647c733a313a2234223b726f6c655f69647c733a313a2232223b726f6c657c733a343a2255736572223b6e616d657c733a31373a22417269662020576964697961746d696b6f223b757365725f6c6f67696e7c733a313a2231223b6572726f727c613a313a7b733a353a226572726f72223b733a36343a223c703e5468652066696c657479706520796f752061726520617474656d7074696e6720746f2075706c6f6164206973206e6f7420616c6c6f7765642e3c2f703e223b7d5f5f63695f766172737c613a323a7b733a353a226572726f72223b733a333a226f6c64223b733a31333a22666c6173685f6d657373616765223b733a333a226f6c64223b7d666c6173685f6d6573736167657c733a32333a2246696c652073756363657366756c6c79207375626d6974223b),
('1hinq26n9r5f6rqn4pu1vfr93s3s7ubp', '::1', 1585458163, 0x5f5f63695f6c6173745f726567656e65726174657c693a313538353435383136333b636172745f6974656d737c613a303a7b7d757365725f69647c733a313a2234223b726f6c655f69647c733a313a2232223b726f6c657c733a343a2255736572223b6e616d657c733a31373a22417269662020576964697961746d696b6f223b757365725f6c6f67696e7c733a313a2231223b),
('cd8sbkb6pdq0hts1golgpmb5rlt9ql4m', '::1', 1585458485, 0x5f5f63695f6c6173745f726567656e65726174657c693a313538353435383438353b636172745f6974656d737c613a303a7b7d757365725f69647c733a313a2231223b726f6c655f69647c733a313a2231223b726f6c657c733a353a2241646d696e223b6e616d657c733a31313a2261646d696e2074756e6173223b61646d696e5f6c6f67696e7c733a313a2231223b),
('22intr6k07sl4lmumrk6juj8a25tr17r', '::1', 1585458794, 0x5f5f63695f6c6173745f726567656e65726174657c693a313538353435383739343b636172745f6974656d737c613a303a7b7d757365725f69647c733a313a2231223b726f6c655f69647c733a313a2231223b726f6c657c733a353a2241646d696e223b6e616d657c733a31313a2261646d696e2074756e6173223b61646d696e5f6c6f67696e7c733a313a2231223b),
('bgqaq9f2228qppq02f1ohbbnjn5v712j', '::1', 1585459129, 0x5f5f63695f6c6173745f726567656e65726174657c693a313538353435393132393b636172745f6974656d737c613a303a7b7d757365725f69647c733a313a2231223b726f6c655f69647c733a313a2231223b726f6c657c733a353a2241646d696e223b6e616d657c733a31313a2261646d696e2074756e6173223b61646d696e5f6c6f67696e7c733a313a2231223b),
('u5pakunhh5cvsiq9ndt0q3i46r9gcfkj', '::1', 1585464535, 0x5f5f63695f6c6173745f726567656e65726174657c693a313538353436343533353b636172745f6974656d737c613a303a7b7d),
('6gb5c1lgo97mi6ocadv4ib27o6nqqadu', '::1', 1585465859, 0x5f5f63695f6c6173745f726567656e65726174657c693a313538353436353835393b636172745f6974656d737c613a303a7b7d),
('g5n3sf54ogsdfj1u56ca5ppkgt5jkpkj', '::1', 1585464682, 0x5f5f63695f6c6173745f726567656e65726174657c693a313538353436343536333b636172745f6974656d737c613a303a7b7d757365725f69647c733a313a2231223b726f6c655f69647c733a313a2231223b726f6c657c733a353a2241646d696e223b6e616d657c733a31313a2261646d696e2074756e6173223b61646d696e5f6c6f67696e7c733a313a2231223b),
('0n7epucu39bir1c66n7hef43actl34ma', '::1', 1585466843, 0x5f5f63695f6c6173745f726567656e65726174657c693a313538353436363834333b636172745f6974656d737c613a303a7b7d),
('mbbo8gc28irr2ofn4m2l4m4amffno31q', '::1', 1585467154, 0x5f5f63695f6c6173745f726567656e65726174657c693a313538353436373135343b636172745f6974656d737c613a303a7b7d),
('o8foqsmfcuqvo1irb8vd9mglueigf5p3', '::1', 1585467505, 0x5f5f63695f6c6173745f726567656e65726174657c693a313538353436373530353b636172745f6974656d737c613a303a7b7d),
('kr4d7pn5jb37tp2n2b0igml3nh0i4mna', '::1', 1585467898, 0x5f5f63695f6c6173745f726567656e65726174657c693a313538353436373839383b636172745f6974656d737c613a303a7b7d),
('rj0ag15tebaku55rou71p0t99gffh0pf', '::1', 1585468213, 0x5f5f63695f6c6173745f726567656e65726174657c693a313538353436383231333b636172745f6974656d737c613a303a7b7d),
('hlk5k0ephsl5h7bfi2rbaep2tgto98gh', '::1', 1585468696, 0x5f5f63695f6c6173745f726567656e65726174657c693a313538353436383639363b636172745f6974656d737c613a303a7b7d),
('piccf9r2s16tsot58j9ekfahf1jvee8m', '::1', 1585469793, 0x5f5f63695f6c6173745f726567656e65726174657c693a313538353436393739333b636172745f6974656d737c613a303a7b7d),
('9kq3gej0eaohvlcbdbldgok281bt63gq', '::1', 1585470157, 0x5f5f63695f6c6173745f726567656e65726174657c693a313538353437303135373b636172745f6974656d737c613a303a7b7d),
('7kfqepb6u1ej9vl3bahdg483e6234rvk', '::1', 1585470536, 0x5f5f63695f6c6173745f726567656e65726174657c693a313538353437303533363b636172745f6974656d737c613a303a7b7d),
('1kqatk8dukds88fap4c996v36rgtm5p2', '::1', 1585470715, 0x5f5f63695f6c6173745f726567656e65726174657c693a313538353437303533363b636172745f6974656d737c613a303a7b7d),
('j4lqippanmfb15t5137bnqgob7bunumb', '::1', 1585656874, 0x5f5f63695f6c6173745f726567656e65726174657c693a313538353635363837333b636172745f6974656d737c613a303a7b7d),
('drd7qdve5mmpvur7s1jqfviq8vb4oo22', '::1', 1585916849, 0x5f5f63695f6c6173745f726567656e65726174657c693a313538353931363834393b636172745f6974656d737c613a303a7b7d),
('e6jbuh7djiuopd8d5vnocd178iun8m8q', '::1', 1585917234, 0x5f5f63695f6c6173745f726567656e65726174657c693a313538353931373233343b636172745f6974656d737c613a303a7b7d757365725f69647c733a313a2231223b726f6c655f69647c733a313a2231223b726f6c657c733a353a2241646d696e223b6e616d657c733a31313a2261646d696e2074756e6173223b61646d696e5f6c6f67696e7c733a313a2231223b),
('1vhacd507sgf5nf96i3hiukasalf27fs', '::1', 1585918630, 0x5f5f63695f6c6173745f726567656e65726174657c693a313538353931383633303b636172745f6974656d737c613a303a7b7d757365725f69647c733a313a2231223b726f6c655f69647c733a313a2231223b726f6c657c733a353a2241646d696e223b6e616d657c733a31313a2261646d696e2074756e6173223b61646d696e5f6c6f67696e7c733a313a2231223b),
('7u4suegu0d9tbsd1ofo1t4d3it6fuqho', '::1', 1585922075, 0x5f5f63695f6c6173745f726567656e65726174657c693a313538353932323037353b636172745f6974656d737c613a303a7b7d757365725f69647c733a313a2231223b726f6c655f69647c733a313a2231223b726f6c657c733a353a2241646d696e223b6e616d657c733a31313a2261646d696e2074756e6173223b61646d696e5f6c6f67696e7c733a313a2231223b),
('t3ri5ur2o9hpc8l4o5pket14iv7np3pp', '::1', 1585922250, 0x5f5f63695f6c6173745f726567656e65726174657c693a313538353932323037353b636172745f6974656d737c613a303a7b7d757365725f69647c733a313a2231223b726f6c655f69647c733a313a2231223b726f6c657c733a353a2241646d696e223b6e616d657c733a31313a2261646d696e2074756e6173223b61646d696e5f6c6f67696e7c733a313a2231223b),
('6j3dk6dgtkbh025ts9j5i54hmh3f6r91', '::1', 1586002078, 0x5f5f63695f6c6173745f726567656e65726174657c693a313538363030323037383b636172745f6974656d737c613a303a7b7d),
('te34ddpgncl921efk8laqagk8bfn06u1', '::1', 1586006827, 0x5f5f63695f6c6173745f726567656e65726174657c693a313538363030363832373b636172745f6974656d737c613a303a7b7d),
('k06uketldv8ruff3dm6nskgl2u66olle', '::1', 1586006926, 0x5f5f63695f6c6173745f726567656e65726174657c693a313538363030363832373b636172745f6974656d737c613a303a7b7d757365725f69647c733a313a2231223b726f6c655f69647c733a313a2231223b726f6c657c733a353a2241646d696e223b6e616d657c733a31313a2261646d696e2074756e6173223b61646d696e5f6c6f67696e7c733a313a2231223b),
('3e2i9n6e2hgsatgiqkp3kmmrafnopngd', '::1', 1586071021, 0x5f5f63695f6c6173745f726567656e65726174657c693a313538363037313032313b636172745f6974656d737c613a303a7b7d),
('qvhfhtv8f94pi8ehpq5n81rehlunii2l', '::1', 1586073813, 0x5f5f63695f6c6173745f726567656e65726174657c693a313538363037333831333b636172745f6974656d737c613a303a7b7d757365725f69647c733a313a2231223b726f6c655f69647c733a313a2231223b726f6c657c733a353a2241646d696e223b6e616d657c733a31313a2261646d696e2074756e6173223b666c6173685f6d6573736167657c733a31393a2257656c636f6d652061646d696e2074756e6173223b5f5f63695f766172737c613a313a7b733a31333a22666c6173685f6d657373616765223b733a333a226f6c64223b7d61646d696e5f6c6f67696e7c733a313a2231223b),
('h4q7lfeodhgf0n5nel1qmbudoancn6dn', '::1', 1586074544, 0x5f5f63695f6c6173745f726567656e65726174657c693a313538363037343534343b636172745f6974656d737c613a303a7b7d757365725f69647c733a313a2231223b726f6c655f69647c733a313a2231223b726f6c657c733a353a2241646d696e223b6e616d657c733a31313a2261646d696e2074756e6173223b61646d696e5f6c6f67696e7c733a313a2231223b),
('ntm0ougjc2uoq4lnbrco5k0icgarkc1s', '::1', 1586075245, 0x5f5f63695f6c6173745f726567656e65726174657c693a313538363037353234353b636172745f6974656d737c613a303a7b7d757365725f69647c733a313a2231223b726f6c655f69647c733a313a2231223b726f6c657c733a353a2241646d696e223b6e616d657c733a31313a2261646d696e2074756e6173223b61646d696e5f6c6f67696e7c733a313a2231223b),
('pp013ppfogibphli4ce16scaku1rb73b', '127.0.0.1', 1586075901, 0x5f5f63695f6c6173745f726567656e65726174657c693a313538363037353930313b636172745f6974656d737c613a303a7b7d757365725f69647c733a313a2234223b726f6c655f69647c733a313a2232223b726f6c657c733a343a2255736572223b6e616d657c733a31373a22417269662020576964697961746d696b6f223b757365725f6c6f67696e7c733a313a2231223b),
('6mhu7t4gvgn531nutu5p8ul3gk9hbnnn', '::1', 1586076243, 0x5f5f63695f6c6173745f726567656e65726174657c693a313538363037363234333b636172745f6974656d737c613a303a7b7d757365725f69647c733a313a2231223b726f6c655f69647c733a313a2231223b726f6c657c733a353a2241646d696e223b6e616d657c733a31313a2261646d696e2074756e6173223b61646d696e5f6c6f67696e7c733a313a2231223b),
('7fbam1l63rdfgqu5kc0i71ik79btcnon', '127.0.0.1', 1586076249, 0x5f5f63695f6c6173745f726567656e65726174657c693a313538363037363234393b636172745f6974656d737c613a303a7b7d757365725f69647c733a313a2234223b726f6c655f69647c733a313a2232223b726f6c657c733a343a2255736572223b6e616d657c733a31373a22417269662020576964697961746d696b6f223b757365725f6c6f67696e7c733a313a2231223b),
('t9sh4b84pihcqdsbnc05sqhg8jcakskh', '::1', 1586076243, 0x5f5f63695f6c6173745f726567656e65726174657c693a313538363037363234333b636172745f6974656d737c613a303a7b7d757365725f69647c733a313a2231223b726f6c655f69647c733a313a2231223b726f6c657c733a353a2241646d696e223b6e616d657c733a31313a2261646d696e2074756e6173223b61646d696e5f6c6f67696e7c733a313a2231223b666c6173685f6d6573736167657c733a33343a224c6573736f6e20686173206265656e206164646564207375636365737366756c6c79223b5f5f63695f766172737c613a313a7b733a31333a22666c6173685f6d657373616765223b733a333a226f6c64223b7d),
('akulkh4hrrct20e4gh2bovfpe2t6tghu', '127.0.0.1', 1586076767, 0x5f5f63695f6c6173745f726567656e65726174657c693a313538363037363736373b636172745f6974656d737c613a303a7b7d757365725f69647c733a313a2234223b726f6c655f69647c733a313a2232223b726f6c657c733a343a2255736572223b6e616d657c733a31373a22417269662020576964697961746d696b6f223b757365725f6c6f67696e7c733a313a2231223b),
('n4ur8s777s1ob5jdhrlhca0kr2bemnsb', '127.0.0.1', 1586077146, 0x5f5f63695f6c6173745f726567656e65726174657c693a313538363037373134363b636172745f6974656d737c613a303a7b7d757365725f69647c733a313a2234223b726f6c655f69647c733a313a2232223b726f6c657c733a343a2255736572223b6e616d657c733a31373a22417269662020576964697961746d696b6f223b757365725f6c6f67696e7c733a313a2231223b),
('08jq5tc9i43gca58bf7vl62nh35374q4', '127.0.0.1', 1586077451, 0x5f5f63695f6c6173745f726567656e65726174657c693a313538363037373435313b636172745f6974656d737c613a303a7b7d757365725f69647c733a313a2234223b726f6c655f69647c733a313a2232223b726f6c657c733a343a2255736572223b6e616d657c733a31373a22417269662020576964697961746d696b6f223b757365725f6c6f67696e7c733a313a2231223b),
('9d20c66nmus2fmenr116fqf7a1aajeta', '127.0.0.1', 1586077453, 0x5f5f63695f6c6173745f726567656e65726174657c693a313538363037373435313b636172745f6974656d737c613a303a7b7d757365725f69647c733a313a2234223b726f6c655f69647c733a313a2232223b726f6c657c733a343a2255736572223b6e616d657c733a31373a22417269662020576964697961746d696b6f223b757365725f6c6f67696e7c733a313a2231223b),
('c6pr2rdv8t3oq6i9d61c0jlrkfuijl5n', '::1', 1586084360, 0x5f5f63695f6c6173745f726567656e65726174657c693a313538363038343336303b636172745f6974656d737c613a303a7b7d757365725f69647c733a313a2234223b726f6c655f69647c733a313a2232223b726f6c657c733a343a2255736572223b6e616d657c733a31373a22417269662020576964697961746d696b6f223b757365725f6c6f67696e7c733a313a2231223b),
('avt77odqd2v5aci7j4fq3b7ahnec2a8l', '::1', 1586088856, 0x5f5f63695f6c6173745f726567656e65726174657c693a313538363038383835363b636172745f6974656d737c613a303a7b7d757365725f69647c733a313a2234223b726f6c655f69647c733a313a2232223b726f6c657c733a343a2255736572223b6e616d657c733a31373a22417269662020576964697961746d696b6f223b757365725f6c6f67696e7c733a313a2231223b),
('9j8422160ou99f7j6daf9m83dts1c4v7', '::1', 1586091244, 0x5f5f63695f6c6173745f726567656e65726174657c693a313538363039313234343b636172745f6974656d737c613a303a7b7d),
('60ai4qt0p08hhqb6b3fpftedef16b3fm', '::1', 1586091344, 0x5f5f63695f6c6173745f726567656e65726174657c693a313538363039313234343b636172745f6974656d737c613a303a7b7d757365725f69647c733a313a2231223b726f6c655f69647c733a313a2231223b726f6c657c733a353a2241646d696e223b6e616d657c733a31313a2261646d696e2074756e6173223b61646d696e5f6c6f67696e7c733a313a2231223b),
('7tg6m8q6sfquhk3euecg11r71l471ir9', '127.0.0.1', 1586132621, 0x5f5f63695f6c6173745f726567656e65726174657c693a313538363133323632303b636172745f6974656d737c613a303a7b7d),
('epv7h7mk9a5s3jlo1q7rbkshp32246fh', '::1', 1586870139, 0x5f5f63695f6c6173745f726567656e65726174657c693a313538363837303133393b636172745f6974656d737c613a303a7b7d),
('6n19tc17kouvndl9hhuj61vcvqr22sag', '::1', 1587043753, 0x5f5f63695f6c6173745f726567656e65726174657c693a313538373034333735333b636172745f6974656d737c613a303a7b7d),
('b241atlf5p31luf5emkkn8h1s0u5fa7g', '::1', 1587044145, 0x5f5f63695f6c6173745f726567656e65726174657c693a313538373034343134353b636172745f6974656d737c613a303a7b7d),
('f2dhgkte4i4m493u7tr4jaduo8bvknfl', '::1', 1587046122, 0x5f5f63695f6c6173745f726567656e65726174657c693a313538373034363132323b636172745f6974656d737c613a303a7b7d),
('foph5n7uoj97jqi8cidf1q8flu2s33tm', '::1', 1587046447, 0x5f5f63695f6c6173745f726567656e65726174657c693a313538373034363434373b636172745f6974656d737c613a303a7b7d757365725f69647c733a313a2231223b726f6c655f69647c733a313a2231223b726f6c657c733a353a2241646d696e223b6e616d657c733a31313a2261646d696e2074756e6173223b61646d696e5f6c6f67696e7c733a313a2231223b),
('eqr3frqm5uk7aipul53toq53i3nmqfnr', '::1', 1587046460, 0x5f5f63695f6c6173745f726567656e65726174657c693a313538373034363434373b636172745f6974656d737c613a303a7b7d757365725f69647c733a313a2231223b726f6c655f69647c733a313a2231223b726f6c657c733a353a2241646d696e223b6e616d657c733a31313a2261646d696e2074756e6173223b61646d696e5f6c6f67696e7c733a313a2231223b),
('hmqmlamo0tsupgus0juc94ncki1jhdai', '::1', 1587125439, 0x5f5f63695f6c6173745f726567656e65726174657c693a313538373132353433393b636172745f6974656d737c613a303a7b7d),
('38qd48nkste0jl7gpecqp49t7ctmgp6b', '::1', 1587126016, 0x5f5f63695f6c6173745f726567656e65726174657c693a313538373132363031363b636172745f6974656d737c613a303a7b7d757365725f69647c733a313a2231223b726f6c655f69647c733a313a2231223b726f6c657c733a353a2241646d696e223b6e616d657c733a31313a2261646d696e2074756e6173223b61646d696e5f6c6f67696e7c733a313a2231223b),
('e8749d9ptkhb1drd9dsvvgncm326kugv', '127.0.0.1', 1587125985, 0x5f5f63695f6c6173745f726567656e65726174657c693a313538373132353938353b636172745f6974656d737c613a303a7b7d757365725f69647c733a313a2234223b726f6c655f69647c733a313a2232223b726f6c657c733a343a2255736572223b6e616d657c733a31373a22417269662020576964697961746d696b6f223b757365725f6c6f67696e7c733a313a2231223b),
('qu5n864eur57rc4l945ud52ivosc4nro', '127.0.0.1', 1587125985, 0x5f5f63695f6c6173745f726567656e65726174657c693a313538373132353938353b636172745f6974656d737c613a303a7b7d757365725f69647c733a313a2234223b726f6c655f69647c733a313a2232223b726f6c657c733a343a2255736572223b6e616d657c733a31373a22417269662020576964697961746d696b6f223b757365725f6c6f67696e7c733a313a2231223b),
('q3ouvqeer9aksfbsibf4fq09dsf57sha', '::1', 1587126424, 0x5f5f63695f6c6173745f726567656e65726174657c693a313538373132363432343b636172745f6974656d737c613a303a7b7d757365725f69647c733a313a2231223b726f6c655f69647c733a313a2231223b726f6c657c733a353a2241646d696e223b6e616d657c733a31313a2261646d696e2074756e6173223b61646d696e5f6c6f67696e7c733a313a2231223b),
('cvbo4se0fdtse84rcit3trfkqp7mvt2l', '::1', 1587127109, 0x5f5f63695f6c6173745f726567656e65726174657c693a313538373132373130393b636172745f6974656d737c613a303a7b7d757365725f69647c733a313a2231223b726f6c655f69647c733a313a2231223b726f6c657c733a353a2241646d696e223b6e616d657c733a31313a2261646d696e2074756e6173223b61646d696e5f6c6f67696e7c733a313a2231223b),
('hnoebk34fnfml60nc81h71ocfu009qvq', '::1', 1587127339, 0x5f5f63695f6c6173745f726567656e65726174657c693a313538373132373130393b636172745f6974656d737c613a303a7b7d757365725f69647c733a313a2231223b726f6c655f69647c733a313a2231223b726f6c657c733a353a2241646d696e223b6e616d657c733a31313a2261646d696e2074756e6173223b61646d696e5f6c6f67696e7c733a313a2231223b),
('mubcsf88qfbujp2msefj7tu36jv0jsjh', '::1', 1587656006, 0x5f5f63695f6c6173745f726567656e65726174657c693a313538373635353831303b636172745f6974656d737c613a303a7b7d757365725f69647c733a313a2231223b726f6c655f69647c733a313a2231223b726f6c657c733a353a2241646d696e223b6e616d657c733a31313a2261646d696e2074756e6173223b61646d696e5f6c6f67696e7c733a313a2231223b),
('l5i6v7jcq54kjk7a7dh0nds63f9uhoti', '::1', 1587979813, 0x5f5f63695f6c6173745f726567656e65726174657c693a313538373937393831323b636172745f6974656d737c613a303a7b7d),
('e8mjq8l1bstpa5ilkg13a8vj1ebvbu9t', '::1', 1587999613, 0x5f5f63695f6c6173745f726567656e65726174657c693a313538373939393630363b636172745f6974656d737c613a303a7b7d757365725f69647c733a313a2231223b726f6c655f69647c733a313a2231223b726f6c657c733a353a2241646d696e223b6e616d657c733a31313a2261646d696e2074756e6173223b666c6173685f6d6573736167657c733a31393a2257656c636f6d652061646d696e2074756e6173223b5f5f63695f766172737c613a313a7b733a31333a22666c6173685f6d657373616765223b733a333a226f6c64223b7d61646d696e5f6c6f67696e7c733a313a2231223b),
('il1s2qhf52nqvvsaclb5gvgvgknlcd6t', '::1', 1588333460, 0x5f5f63695f6c6173745f726567656e65726174657c693a313538383333333436303b636172745f6974656d737c613a303a7b7d757365725f69647c733a313a2231223b726f6c655f69647c733a313a2231223b726f6c657c733a353a2241646d696e223b6e616d657c733a31313a2261646d696e2074756e6173223b666c6173685f6d6573736167657c733a31393a2257656c636f6d652061646d696e2074756e6173223b5f5f63695f766172737c613a313a7b733a31333a22666c6173685f6d657373616765223b733a333a226f6c64223b7d61646d696e5f6c6f67696e7c733a313a2231223b),
('71mblvthf7n9a7mqejp6notd095s7o5b', '::1', 1588333463, 0x5f5f63695f6c6173745f726567656e65726174657c693a313538383333333436303b636172745f6974656d737c613a303a7b7d757365725f69647c733a313a2231223b726f6c655f69647c733a313a2231223b726f6c657c733a353a2241646d696e223b6e616d657c733a31313a2261646d696e2074756e6173223b61646d696e5f6c6f67696e7c733a313a2231223b),
('6q6nrb8b0gmgesl55fg5s9ffq65996ao', '::1', 1588344456, 0x5f5f63695f6c6173745f726567656e65726174657c693a313538383334343435363b636172745f6974656d737c613a303a7b7d757365725f69647c733a313a2231223b726f6c655f69647c733a313a2231223b726f6c657c733a353a2241646d696e223b6e616d657c733a31313a2261646d696e2074756e6173223b61646d696e5f6c6f67696e7c733a313a2231223b),
('o0fjd9lmsj6irit0mij9m6v7qosaui09', '::1', 1588344811, 0x5f5f63695f6c6173745f726567656e65726174657c693a313538383334343831313b636172745f6974656d737c613a303a7b7d757365725f69647c733a313a2231223b726f6c655f69647c733a313a2231223b726f6c657c733a353a2241646d696e223b6e616d657c733a31313a2261646d696e2074756e6173223b61646d696e5f6c6f67696e7c733a313a2231223b),
('07v6upfb9aue07p4ok0bd9vrssoca5bi', '::1', 1588345480, 0x5f5f63695f6c6173745f726567656e65726174657c693a313538383334353438303b636172745f6974656d737c613a303a7b7d757365725f69647c733a313a2231223b726f6c655f69647c733a313a2231223b726f6c657c733a353a2241646d696e223b6e616d657c733a31313a2261646d696e2074756e6173223b61646d696e5f6c6f67696e7c733a313a2231223b),
('e0vm648oopu7srfqn2o77o3kika49m79', '::1', 1588346161, 0x5f5f63695f6c6173745f726567656e65726174657c693a313538383334363136313b636172745f6974656d737c613a303a7b7d757365725f69647c733a313a2231223b726f6c655f69647c733a313a2231223b726f6c657c733a353a2241646d696e223b6e616d657c733a31313a2261646d696e2074756e6173223b61646d696e5f6c6f67696e7c733a313a2231223b),
('go2raunjjqlpj8r3l16tvp5cnmqjvkhr', '::1', 1588346789, 0x5f5f63695f6c6173745f726567656e65726174657c693a313538383334363738393b636172745f6974656d737c613a303a7b7d757365725f69647c733a313a2231223b726f6c655f69647c733a313a2231223b726f6c657c733a353a2241646d696e223b6e616d657c733a31313a2261646d696e2074756e6173223b61646d696e5f6c6f67696e7c733a313a2231223b),
('rn0khngmclhh4r72gitg2ic63569htng', '::1', 1588346899, 0x5f5f63695f6c6173745f726567656e65726174657c693a313538383334363738393b636172745f6974656d737c613a303a7b7d757365725f69647c733a313a2231223b726f6c655f69647c733a313a2231223b726f6c657c733a353a2241646d696e223b6e616d657c733a31313a2261646d696e2074756e6173223b61646d696e5f6c6f67696e7c733a313a2231223b),
('jqatlubecgmcfle1ui48pkvecsu2ejhh', '::1', 1588399770, 0x5f5f63695f6c6173745f726567656e65726174657c693a313538383339393736393b636172745f6974656d737c613a303a7b7d),
('qlo7pnu7didq3hthmqkfq5qi669a1237', '::1', 1588420459, 0x5f5f63695f6c6173745f726567656e65726174657c693a313538383432303435393b636172745f6974656d737c613a303a7b7d757365725f69647c733a313a2231223b726f6c655f69647c733a313a2231223b726f6c657c733a353a2241646d696e223b6e616d657c733a31313a2261646d696e2074756e6173223b666c6173685f6d6573736167657c733a31393a2257656c636f6d652061646d696e2074756e6173223b5f5f63695f766172737c613a313a7b733a31333a22666c6173685f6d657373616765223b733a333a226f6c64223b7d61646d696e5f6c6f67696e7c733a313a2231223b),
('t0bistgnc07cuutti0qomtv9k0lnvnh0', '::1', 1588420526, 0x5f5f63695f6c6173745f726567656e65726174657c693a313538383432303435393b636172745f6974656d737c613a303a7b7d757365725f69647c733a313a2231223b726f6c655f69647c733a313a2231223b726f6c657c733a353a2241646d696e223b6e616d657c733a31313a2261646d696e2074756e6173223b61646d696e5f6c6f67696e7c733a313a2231223b),
('743gcflr37ok3hegimvrptmccsl2t7il', '::1', 1588428644, 0x5f5f63695f6c6173745f726567656e65726174657c693a313538383432383633323b636172745f6974656d737c613a303a7b7d757365725f69647c733a313a2231223b726f6c655f69647c733a313a2231223b726f6c657c733a353a2241646d696e223b6e616d657c733a31313a2261646d696e2074756e6173223b61646d696e5f6c6f67696e7c733a313a2231223b),
('ev64es208dfpfvna1pi0270jnvohg9p9', '::1', 1588455411, 0x5f5f63695f6c6173745f726567656e65726174657c693a313538383435353431313b636172745f6974656d737c613a303a7b7d757365725f69647c733a313a2231223b726f6c655f69647c733a313a2231223b726f6c657c733a353a2241646d696e223b6e616d657c733a31313a2261646d696e2074756e6173223b61646d696e5f6c6f67696e7c733a313a2231223b),
('49ot57olh82su89kbbita54erofgt074', '::1', 1588455470, 0x5f5f63695f6c6173745f726567656e65726174657c693a313538383435353431313b636172745f6974656d737c613a303a7b7d757365725f69647c733a313a2231223b726f6c655f69647c733a313a2231223b726f6c657c733a353a2241646d696e223b6e616d657c733a31313a2261646d696e2074756e6173223b61646d696e5f6c6f67696e7c733a313a2231223b),
('fm083jbfsl18jg9psifi0v2pd499t94e', '::1', 1588487770, 0x5f5f63695f6c6173745f726567656e65726174657c693a313538383438373737303b636172745f6974656d737c613a303a7b7d),
('b7fb1q7v5hvdaktbhmsuce8fit91ih45', '::1', 1588488361, 0x5f5f63695f6c6173745f726567656e65726174657c693a313538383438383336313b636172745f6974656d737c613a303a7b7d757365725f69647c733a313a2231223b726f6c655f69647c733a313a2231223b726f6c657c733a353a2241646d696e223b6e616d657c733a31313a2261646d696e2074756e6173223b61646d696e5f6c6f67696e7c733a313a2231223b),
('786c8s1e55lgmh1svj142982oophuvea', '::1', 1588488361, 0x5f5f63695f6c6173745f726567656e65726174657c693a313538383438383336313b636172745f6974656d737c613a303a7b7d757365725f69647c733a313a2231223b726f6c655f69647c733a313a2231223b726f6c657c733a353a2241646d696e223b6e616d657c733a31313a2261646d696e2074756e6173223b61646d696e5f6c6f67696e7c733a313a2231223b),
('elkcddm666ungfbec2305htqr0q62au8', '127.0.0.1', 1588488654, 0x5f5f63695f6c6173745f726567656e65726174657c693a313538383438383337393b636172745f6974656d737c613a303a7b7d757365725f69647c733a313a2234223b726f6c655f69647c733a313a2232223b726f6c657c733a343a2255736572223b6e616d657c733a31373a22417269662020576964697961746d696b6f223b757365725f6c6f67696e7c733a313a2231223b),
('avji5f6kccrogfepm48eoebai2qach9u', '::1', 1588501877, 0x5f5f63695f6c6173745f726567656e65726174657c693a313538383530313830353b636172745f6974656d737c613a303a7b7d757365725f69647c733a313a2231223b726f6c655f69647c733a313a2231223b726f6c657c733a353a2241646d696e223b6e616d657c733a31313a2261646d696e2074756e6173223b666c6173685f6d6573736167657c733a31393a2257656c636f6d652061646d696e2074756e6173223b5f5f63695f766172737c613a313a7b733a31333a22666c6173685f6d657373616765223b733a333a226f6c64223b7d61646d696e5f6c6f67696e7c733a313a2231223b),
('bh2tl543j3j2ltnd2j8amhorm73alglk', '::1', 1588509925, 0x5f5f63695f6c6173745f726567656e65726174657c693a313538383530393932343b636172745f6974656d737c613a303a7b7d),
('3t43o0t94irqrue42aot2o9u4ht5qe2n', '::1', 1588567885, 0x5f5f63695f6c6173745f726567656e65726174657c693a313538383536373838353b636172745f6974656d737c613a303a7b7d),
('vqq8eug4f1l2ftm8chfjso9p2vjg46rh', '::1', 1588567885, 0x5f5f63695f6c6173745f726567656e65726174657c693a313538383536373838353b636172745f6974656d737c613a303a7b7d),
('tmeikkucaej12h2agiicjb4njkvs589k', '::1', 1588673637, 0x5f5f63695f6c6173745f726567656e65726174657c693a313538383637333633373b636172745f6974656d737c613a303a7b7d757365725f69647c733a313a2231223b726f6c655f69647c733a313a2231223b726f6c657c733a353a2241646d696e223b6e616d657c733a31313a2261646d696e2074756e6173223b666c6173685f6d6573736167657c733a31393a2257656c636f6d652061646d696e2074756e6173223b5f5f63695f766172737c613a313a7b733a31333a22666c6173685f6d657373616765223b733a333a226f6c64223b7d61646d696e5f6c6f67696e7c733a313a2231223b),
('6ku3vr7j7ilj2j9dvh2tbkamfn6ltnf9', '::1', 1588675773, 0x5f5f63695f6c6173745f726567656e65726174657c693a313538383637353737333b636172745f6974656d737c613a303a7b7d757365725f69647c733a313a2231223b726f6c655f69647c733a313a2231223b726f6c657c733a353a2241646d696e223b6e616d657c733a31313a2261646d696e2074756e6173223b61646d696e5f6c6f67696e7c733a313a2231223b),
('6o5ukj0523pqderhtfia17ae1mobqo7h', '::1', 1588675777, 0x5f5f63695f6c6173745f726567656e65726174657c693a313538383637353737333b636172745f6974656d737c613a303a7b7d757365725f69647c733a313a2231223b726f6c655f69647c733a313a2231223b726f6c657c733a353a2241646d696e223b6e616d657c733a31313a2261646d696e2074756e6173223b61646d696e5f6c6f67696e7c733a313a2231223b),
('qoop762ft84vsvj1n9bkfcnetplps116', '::1', 1588761090, 0x5f5f63695f6c6173745f726567656e65726174657c693a313538383736313039303b636172745f6974656d737c613a303a7b7d757365725f69647c733a313a2231223b726f6c655f69647c733a313a2231223b726f6c657c733a353a2241646d696e223b6e616d657c733a31313a2261646d696e2074756e6173223b666c6173685f6d6573736167657c733a31393a2257656c636f6d652061646d696e2074756e6173223b5f5f63695f766172737c613a313a7b733a31333a22666c6173685f6d657373616765223b733a333a226e6577223b7d61646d696e5f6c6f67696e7c733a313a2231223b),
('16stmsu55l1fppimv8qflgbveqnnlmle', '::1', 1588761480, 0x5f5f63695f6c6173745f726567656e65726174657c693a313538383736313438303b636172745f6974656d737c613a303a7b7d757365725f69647c733a313a2231223b726f6c655f69647c733a313a2231223b726f6c657c733a353a2241646d696e223b6e616d657c733a31313a2261646d696e2074756e6173223b666c6173685f6d6573736167657c733a31393a2257656c636f6d652061646d696e2074756e6173223b5f5f63695f766172737c613a313a7b733a31333a22666c6173685f6d657373616765223b733a333a226f6c64223b7d61646d696e5f6c6f67696e7c733a313a2231223b),
('035eh3fg2fmjgu5hje8shlijfjudmbqv', '::1', 1588767537, 0x5f5f63695f6c6173745f726567656e65726174657c693a313538383736373533373b636172745f6974656d737c613a303a7b7d757365725f69647c733a313a2231223b726f6c655f69647c733a313a2231223b726f6c657c733a353a2241646d696e223b6e616d657c733a31313a2261646d696e2074756e6173223b61646d696e5f6c6f67696e7c733a313a2231223b),
('06srbe604tn8v0cbd9s3kqb1uljmkk1a', '127.0.0.1', 1588767484, 0x5f5f63695f6c6173745f726567656e65726174657c693a313538383736373438343b636172745f6974656d737c613a303a7b7d),
('a14e0oj1l52jl9b96fecrcq09fj4kc5r', '127.0.0.1', 1588768358, 0x5f5f63695f6c6173745f726567656e65726174657c693a313538383736383335383b636172745f6974656d737c613a303a7b7d757365725f69647c733a313a2234223b726f6c655f69647c733a313a2232223b726f6c657c733a343a2255736572223b6e616d657c733a31373a22417269662020576964697961746d696b6f223b757365725f6c6f67696e7c733a313a2231223b),
('163fftbptev2n63iqjb4lhlha6agriif', '::1', 1588768480, 0x5f5f63695f6c6173745f726567656e65726174657c693a313538383736383438303b636172745f6974656d737c613a303a7b7d757365725f69647c733a313a2231223b726f6c655f69647c733a313a2231223b726f6c657c733a353a2241646d696e223b6e616d657c733a31313a2261646d696e2074756e6173223b61646d696e5f6c6f67696e7c733a313a2231223b),
('nfau98p075ej19jin87d7r88qc44jgvs', '127.0.0.1', 1588775378, 0x5f5f63695f6c6173745f726567656e65726174657c693a313538383737353337383b636172745f6974656d737c613a303a7b7d757365725f69647c733a313a2234223b726f6c655f69647c733a313a2232223b726f6c657c733a343a2255736572223b6e616d657c733a31373a22417269662020576964697961746d696b6f223b757365725f6c6f67696e7c733a313a2231223b),
('gamanr5omefpbhi07ll3a3v502jr9obr', '::1', 1588774899, 0x5f5f63695f6c6173745f726567656e65726174657c693a313538383737343839393b636172745f6974656d737c613a303a7b7d757365725f69647c733a313a2231223b726f6c655f69647c733a313a2231223b726f6c657c733a353a2241646d696e223b6e616d657c733a31313a2261646d696e2074756e6173223b61646d696e5f6c6f67696e7c733a313a2231223b),
('k8810kjtgd03o7gucidtdqli7jikqstl', '::1', 1588781745, 0x5f5f63695f6c6173745f726567656e65726174657c693a313538383738313734353b636172745f6974656d737c613a303a7b7d757365725f69647c733a313a2231223b726f6c655f69647c733a313a2231223b726f6c657c733a353a2241646d696e223b6e616d657c733a31313a2261646d696e2074756e6173223b61646d696e5f6c6f67696e7c733a313a2231223b),
('hfa3b0q302b9unt629t5l3q1h0er4v1l', '127.0.0.1', 1588775466, 0x5f5f63695f6c6173745f726567656e65726174657c693a313538383737353337383b636172745f6974656d737c613a303a7b7d757365725f69647c733a313a2236223b726f6c655f69647c733a313a2232223b726f6c657c733a343a2255736572223b6e616d657c733a31303a22416d696e20536861756d223b757365725f6c6f67696e7c733a313a2231223b666c6173685f6d6573736167657c733a32313a225375636365737366756c6c7920656e726f6c6c6564223b5f5f63695f766172737c613a313a7b733a31333a22666c6173685f6d657373616765223b733a333a226f6c64223b7d),
('ljn9j171q85ua3qoq7q95jb0qeoqtem0', '::1', 1588784439, 0x5f5f63695f6c6173745f726567656e65726174657c693a313538383738343433393b636172745f6974656d737c613a303a7b7d757365725f69647c733a313a2231223b726f6c655f69647c733a313a2231223b726f6c657c733a353a2241646d696e223b6e616d657c733a31313a2261646d696e2074756e6173223b61646d696e5f6c6f67696e7c733a313a2231223b),
('om4enftkqvvas38q6js20o8l4j84uobf', '::1', 1588784705, 0x5f5f63695f6c6173745f726567656e65726174657c693a313538383738343433393b636172745f6974656d737c613a303a7b7d757365725f69647c733a313a2231223b726f6c655f69647c733a313a2231223b726f6c657c733a353a2241646d696e223b6e616d657c733a31313a2261646d696e2074756e6173223b61646d696e5f6c6f67696e7c733a313a2231223b),
('n043mm6eqcjg5l7coq0vba327hfijuih', '::1', 1588842864, 0x5f5f63695f6c6173745f726567656e65726174657c693a313538383834323836343b636172745f6974656d737c613a303a7b7d),
('s0asdor47vot95t9d63h6hf389g2ukli', '::1', 1588843407, 0x5f5f63695f6c6173745f726567656e65726174657c693a313538383834333430373b636172745f6974656d737c613a303a7b7d757365725f69647c733a313a2231223b726f6c655f69647c733a313a2231223b726f6c657c733a353a2241646d696e223b6e616d657c733a31313a2261646d696e2074756e6173223b61646d696e5f6c6f67696e7c733a313a2231223b),
('eedc4cacoug7tcnj13d3eg39190m23pt', '::1', 1588844535, 0x5f5f63695f6c6173745f726567656e65726174657c693a313538383834343533353b636172745f6974656d737c613a303a7b7d757365725f69647c733a313a2231223b726f6c655f69647c733a313a2231223b726f6c657c733a353a2241646d696e223b6e616d657c733a31313a2261646d696e2074756e6173223b61646d696e5f6c6f67696e7c733a313a2231223b),
('bf67obfvf6feq3dtq4lrn43i7pmbieb9', '::1', 1588845029, 0x5f5f63695f6c6173745f726567656e65726174657c693a313538383834353032393b636172745f6974656d737c613a303a7b7d757365725f69647c733a313a2231223b726f6c655f69647c733a313a2231223b726f6c657c733a353a2241646d696e223b6e616d657c733a31313a2261646d696e2074756e6173223b61646d696e5f6c6f67696e7c733a313a2231223b),
('5i7rosr6p3moe7s9a40vb9odnos2r29f', '::1', 1588845414, 0x5f5f63695f6c6173745f726567656e65726174657c693a313538383834353431343b636172745f6974656d737c613a303a7b7d757365725f69647c733a313a2231223b726f6c655f69647c733a313a2231223b726f6c657c733a353a2241646d696e223b6e616d657c733a31313a2261646d696e2074756e6173223b61646d696e5f6c6f67696e7c733a313a2231223b),
('9l98126udhndh74ugbjkeh64rchr2scu', '::1', 1588846139, 0x5f5f63695f6c6173745f726567656e65726174657c693a313538383834363133393b636172745f6974656d737c613a303a7b7d757365725f69647c733a313a2231223b726f6c655f69647c733a313a2231223b726f6c657c733a353a2241646d696e223b6e616d657c733a31313a2261646d696e2074756e6173223b61646d696e5f6c6f67696e7c733a313a2231223b),
('iuakokbi9f22830gkajd8dp7mqa530ie', '::1', 1588846672, 0x5f5f63695f6c6173745f726567656e65726174657c693a313538383834363637323b636172745f6974656d737c613a303a7b7d757365725f69647c733a313a2231223b726f6c655f69647c733a313a2231223b726f6c657c733a353a2241646d696e223b6e616d657c733a31313a2261646d696e2074756e6173223b61646d696e5f6c6f67696e7c733a313a2231223b),
('9rnj2fid4pooi9vq0fjk9gt9mrp5k1e8', '::1', 1588847476, 0x5f5f63695f6c6173745f726567656e65726174657c693a313538383834373437363b636172745f6974656d737c613a303a7b7d757365725f69647c733a313a2231223b726f6c655f69647c733a313a2231223b726f6c657c733a353a2241646d696e223b6e616d657c733a31313a2261646d696e2074756e6173223b61646d696e5f6c6f67696e7c733a313a2231223b),
('pgigbab3j4rr59npfrsbjs3e7p9t2uhj', '::1', 1588847835, 0x5f5f63695f6c6173745f726567656e65726174657c693a313538383834373833353b636172745f6974656d737c613a303a7b7d757365725f69647c733a313a2231223b726f6c655f69647c733a313a2231223b726f6c657c733a353a2241646d696e223b6e616d657c733a31313a2261646d696e2074756e6173223b61646d696e5f6c6f67696e7c733a313a2231223b),
('ml4u7p1e50rjo5o5e9gknpfqk12fd6fm', '::1', 1588848393, 0x5f5f63695f6c6173745f726567656e65726174657c693a313538383834383339333b636172745f6974656d737c613a303a7b7d757365725f69647c733a313a2231223b726f6c655f69647c733a313a2231223b726f6c657c733a353a2241646d696e223b6e616d657c733a31313a2261646d696e2074756e6173223b61646d696e5f6c6f67696e7c733a313a2231223b),
('0c45ljvlvo4t721qk7pg3ntfs03anf3p', '::1', 1588852435, 0x5f5f63695f6c6173745f726567656e65726174657c693a313538383835323433353b636172745f6974656d737c613a303a7b7d757365725f69647c733a313a2231223b726f6c655f69647c733a313a2231223b726f6c657c733a353a2241646d696e223b6e616d657c733a31313a2261646d696e2074756e6173223b61646d696e5f6c6f67696e7c733a313a2231223b),
('46vjk08m5gle0fnrp45v2l2ti3b5gojo', '::1', 1588852765, 0x5f5f63695f6c6173745f726567656e65726174657c693a313538383835323736353b636172745f6974656d737c613a303a7b7d757365725f69647c733a313a2231223b726f6c655f69647c733a313a2231223b726f6c657c733a353a2241646d696e223b6e616d657c733a31313a2261646d696e2074756e6173223b61646d696e5f6c6f67696e7c733a313a2231223b),
('ckjl8ss6ombpjjoo85ukpq20kf5s28a4', '::1', 1588854347, 0x5f5f63695f6c6173745f726567656e65726174657c693a313538383835343334373b636172745f6974656d737c613a303a7b7d757365725f69647c733a313a2231223b726f6c655f69647c733a313a2231223b726f6c657c733a353a2241646d696e223b6e616d657c733a31313a2261646d696e2074756e6173223b61646d696e5f6c6f67696e7c733a313a2231223b),
('gep0mr7er4bopedlrv0uksr84u3ui3jb', '::1', 1588853648, 0x5f5f63695f6c6173745f726567656e65726174657c693a313538383835333634383b636172745f6974656d737c613a303a7b7d757365725f69647c733a313a2237223b726f6c655f69647c733a313a2232223b726f6c657c733a343a2255736572223b6e616d657c733a31323a226d656f6e672067656e647574223b757365725f6c6f67696e7c733a313a2231223b6c61796f75747c733a343a226c697374223b),
('0eknpl1o3983e8btprgqs1aevpsd746b', '::1', 1588853992, 0x5f5f63695f6c6173745f726567656e65726174657c693a313538383835333939323b636172745f6974656d737c613a303a7b7d757365725f69647c733a313a2237223b726f6c655f69647c733a313a2232223b726f6c657c733a343a2255736572223b6e616d657c733a31323a226d656f6e672067656e647574223b757365725f6c6f67696e7c733a313a2231223b6c61796f75747c733a343a226c697374223b),
('617jh0mf9c1h47hp8eclrobhdjp1frs7', '::1', 1588854352, 0x5f5f63695f6c6173745f726567656e65726174657c693a313538383835343335323b636172745f6974656d737c613a303a7b7d757365725f69647c733a313a2237223b726f6c655f69647c733a313a2232223b726f6c657c733a343a2255736572223b6e616d657c733a31323a226d656f6e672067656e647574223b757365725f6c6f67696e7c733a313a2231223b6c61796f75747c733a343a226c697374223b),
('ehce6m2e3abq38a7b7rsnjkqrfju44ci', '::1', 1588858144, 0x5f5f63695f6c6173745f726567656e65726174657c693a313538383835383134343b636172745f6974656d737c613a303a7b7d757365725f69647c733a313a2231223b726f6c655f69647c733a313a2231223b726f6c657c733a353a2241646d696e223b6e616d657c733a31313a2261646d696e2074756e6173223b61646d696e5f6c6f67696e7c733a313a2231223b),
('5p27r209eqnvbeadal99ice0tj189k3o', '::1', 1588854663, 0x5f5f63695f6c6173745f726567656e65726174657c693a313538383835343636333b636172745f6974656d737c613a303a7b7d757365725f69647c733a313a2237223b726f6c655f69647c733a313a2232223b726f6c657c733a343a2255736572223b6e616d657c733a31323a226d656f6e672067656e647574223b757365725f6c6f67696e7c733a313a2231223b6c61796f75747c733a343a226c697374223b),
('vc52fq9rdeafk57e9sh0p2jj4q9kpvil', '::1', 1588854983, 0x5f5f63695f6c6173745f726567656e65726174657c693a313538383835343938333b636172745f6974656d737c613a303a7b7d757365725f69647c733a313a2237223b726f6c655f69647c733a313a2232223b726f6c657c733a343a2255736572223b6e616d657c733a31323a226d656f6e672067656e647574223b757365725f6c6f67696e7c733a313a2231223b6c61796f75747c733a343a226c697374223b),
('ffndbmhn8tcsqm2loorbp8tqku1qcu4p', '::1', 1588855602, 0x5f5f63695f6c6173745f726567656e65726174657c693a313538383835353630323b636172745f6974656d737c613a303a7b7d757365725f69647c733a313a2237223b726f6c655f69647c733a313a2232223b726f6c657c733a343a2255736572223b6e616d657c733a31323a226d656f6e672067656e647574223b757365725f6c6f67696e7c733a313a2231223b6c61796f75747c733a343a226c697374223b),
('7ch2tpmn9mg7f40nohd72jf5ij04a1d2', '::1', 1588855688, 0x5f5f63695f6c6173745f726567656e65726174657c693a313538383835353630323b636172745f6974656d737c613a303a7b7d757365725f69647c733a313a2237223b726f6c655f69647c733a313a2232223b726f6c657c733a343a2255736572223b6e616d657c733a31323a226d656f6e672067656e647574223b757365725f6c6f67696e7c733a313a2231223b6c61796f75747c733a343a226c697374223b),
('dbb222vlk0vtk91ql7bnnih28k7rhuhu', '::1', 1588858841, 0x5f5f63695f6c6173745f726567656e65726174657c693a313538383835383834313b636172745f6974656d737c613a303a7b7d),
('cd079ddr3lm2ivmhjabpqi2hoa7cdctf', '::1', 1588859626, 0x5f5f63695f6c6173745f726567656e65726174657c693a313538383835393632363b636172745f6974656d737c613a303a7b7d757365725f69647c733a313a2231223b726f6c655f69647c733a313a2231223b726f6c657c733a353a2241646d696e223b6e616d657c733a31313a2261646d696e2074756e6173223b61646d696e5f6c6f67696e7c733a313a2231223b),
('k7c08t6be1k66pb2jb4vkkiad81bbr78', '::1', 1588860182, 0x5f5f63695f6c6173745f726567656e65726174657c693a313538383836303138323b636172745f6974656d737c613a303a7b7d757365725f69647c733a313a2238223b726f6c655f69647c733a313a2232223b726f6c657c733a343a2255736572223b6e616d657c733a31343a224a657373204e6f20204c696d6974223b757365725f6c6f67696e7c733a313a2231223b6c61796f75747c733a343a226c697374223b),
('g00klbkr3cj6m1dcq1mk98l2j1gmqlr7', '::1', 1588860669, 0x5f5f63695f6c6173745f726567656e65726174657c693a313538383836303636393b636172745f6974656d737c613a303a7b7d757365725f69647c733a313a2238223b726f6c655f69647c733a313a2232223b726f6c657c733a343a2255736572223b6e616d657c733a31343a224a657373204e6f20204c696d6974223b757365725f6c6f67696e7c733a313a2231223b6c61796f75747c733a343a226c697374223b),
('ufj3839nqlithejnnp5ahssdfqrj1fan', '::1', 1588860982, 0x5f5f63695f6c6173745f726567656e65726174657c693a313538383836303938323b636172745f6974656d737c613a303a7b7d6c61796f75747c733a343a226c697374223b757365725f69647c733a313a2239223b726f6c655f69647c733a313a2232223b726f6c657c733a343a2255736572223b6e616d657c733a31313a226c75787879207364617364223b757365725f6c6f67696e7c733a313a2231223b),
('pt1r4ht9p35u10on54vq6e0927m7mtms', '::1', 1588861387, 0x5f5f63695f6c6173745f726567656e65726174657c693a313538383836313338373b636172745f6974656d737c613a303a7b7d6c61796f75747c733a343a226c697374223b757365725f69647c733a313a2239223b726f6c655f69647c733a313a2232223b726f6c657c733a343a2255736572223b6e616d657c733a31313a226c75787879207364617364223b757365725f6c6f67696e7c733a313a2231223b),
('32jftjpdqjrqko1durgvqq14vbdcilta', '::1', 1588862355, 0x5f5f63695f6c6173745f726567656e65726174657c693a313538383836323335353b636172745f6974656d737c613a303a7b7d6c61796f75747c733a343a226c697374223b757365725f69647c733a313a2239223b726f6c655f69647c733a313a2232223b726f6c657c733a343a2255736572223b6e616d657c733a31313a226c75787879207364617364223b757365725f6c6f67696e7c733a313a2231223b),
('iu0ohddn47ml19sm2tnga833v2ue0lhf', '::1', 1588862368, 0x5f5f63695f6c6173745f726567656e65726174657c693a313538383836323335353b636172745f6974656d737c613a303a7b7d6c61796f75747c733a343a226c697374223b757365725f69647c733a313a2231223b726f6c655f69647c733a313a2231223b726f6c657c733a353a2241646d696e223b6e616d657c733a31313a2261646d696e2074756e6173223b61646d696e5f6c6f67696e7c733a313a2231223b),
('i8c7hbrm5hvcmkvtfs0af65d76l2r4sc', '::1', 1588929006, 0x5f5f63695f6c6173745f726567656e65726174657c693a313538383932393030363b636172745f6974656d737c613a303a7b7d),
('s6sipmnegme9ldgb45kccnrftc8dljva', '::1', 1588940983, 0x5f5f63695f6c6173745f726567656e65726174657c693a313538383934303938333b636172745f6974656d737c613a303a7b7d757365725f69647c733a313a2231223b726f6c655f69647c733a313a2231223b726f6c657c733a353a2241646d696e223b6e616d657c733a31313a2261646d696e2074756e6173223b666c6173685f6d6573736167657c733a31393a2257656c636f6d652061646d696e2074756e6173223b5f5f63695f766172737c613a313a7b733a31333a22666c6173685f6d657373616765223b733a333a226f6c64223b7d61646d696e5f6c6f67696e7c733a313a2231223b),
('r4bfrjthfd4b5bsumhu0dqem0pt3dbe7', '::1', 1588945824, 0x5f5f63695f6c6173745f726567656e65726174657c693a313538383934353832343b636172745f6974656d737c613a303a7b7d757365725f69647c733a313a2231223b726f6c655f69647c733a313a2231223b726f6c657c733a353a2241646d696e223b6e616d657c733a31313a2261646d696e2074756e6173223b61646d696e5f6c6f67696e7c733a313a2231223b),
('b2sc2pjoadk08ae7isgvv61s8dlugh72', '::1', 1588946571, 0x5f5f63695f6c6173745f726567656e65726174657c693a313538383934363537313b636172745f6974656d737c613a303a7b7d757365725f69647c733a313a2231223b726f6c655f69647c733a313a2231223b726f6c657c733a353a2241646d696e223b6e616d657c733a31313a2261646d696e2074756e6173223b61646d696e5f6c6f67696e7c733a313a2231223b),
('lpkg4tilckbn7htftui9coeipc0vshsf', '::1', 1588952778, 0x5f5f63695f6c6173745f726567656e65726174657c693a313538383935323737383b636172745f6974656d737c613a303a7b7d757365725f69647c733a313a2231223b726f6c655f69647c733a313a2231223b726f6c657c733a353a2241646d696e223b6e616d657c733a31313a2261646d696e2074756e6173223b61646d696e5f6c6f67696e7c733a313a2231223b),
('pi7hmi75k12emrfe1vl735stu32jr58r', '::1', 1588954378, 0x5f5f63695f6c6173745f726567656e65726174657c693a313538383935343337383b636172745f6974656d737c613a303a7b7d757365725f69647c733a313a2231223b726f6c655f69647c733a313a2231223b726f6c657c733a353a2241646d696e223b6e616d657c733a31313a2261646d696e2074756e6173223b61646d696e5f6c6f67696e7c733a313a2231223b),
('f51d6u2tf87cnbptd2aa3kl2ab01q9db', '::1', 1588954693, 0x5f5f63695f6c6173745f726567656e65726174657c693a313538383935343639333b636172745f6974656d737c613a303a7b7d757365725f69647c733a313a2231223b726f6c655f69647c733a313a2231223b726f6c657c733a353a2241646d696e223b6e616d657c733a31313a2261646d696e2074756e6173223b61646d696e5f6c6f67696e7c733a313a2231223b),
('ehrn50frrgfsde2o1dlm1v34hjcl9f08', '::1', 1588957211, 0x5f5f63695f6c6173745f726567656e65726174657c693a313538383935373231313b636172745f6974656d737c613a303a7b7d757365725f69647c733a313a2231223b726f6c655f69647c733a313a2231223b726f6c657c733a353a2241646d696e223b6e616d657c733a31313a2261646d696e2074756e6173223b61646d696e5f6c6f67696e7c733a313a2231223b),
('mac4r19ci9o2r9f09ha7arggko18dtkp', '::1', 1588957520, 0x5f5f63695f6c6173745f726567656e65726174657c693a313538383935373532303b636172745f6974656d737c613a303a7b7d757365725f69647c733a313a2231223b726f6c655f69647c733a313a2231223b726f6c657c733a353a2241646d696e223b6e616d657c733a31313a2261646d696e2074756e6173223b61646d696e5f6c6f67696e7c733a313a2231223b),
('i5cjj6nv62j92bsn5b1hikojasps0a8s', '::1', 1588958001, 0x5f5f63695f6c6173745f726567656e65726174657c693a313538383935383030313b636172745f6974656d737c613a303a7b7d757365725f69647c733a313a2231223b726f6c655f69647c733a313a2231223b726f6c657c733a353a2241646d696e223b6e616d657c733a31313a2261646d696e2074756e6173223b61646d696e5f6c6f67696e7c733a313a2231223b),
('5l8lhf1tlf4qq7334vup75uq2ilje103', '::1', 1588958285, 0x5f5f63695f6c6173745f726567656e65726174657c693a313538383935383030313b636172745f6974656d737c613a303a7b7d757365725f69647c733a313a2231223b726f6c655f69647c733a313a2231223b726f6c657c733a353a2241646d696e223b6e616d657c733a31313a2261646d696e2074756e6173223b61646d696e5f6c6f67696e7c733a313a2231223b),
('bfrj17c58pcgoducttirdfnphbigjm89', '::1', 1589003157, 0x5f5f63695f6c6173745f726567656e65726174657c693a313538393030333135373b636172745f6974656d737c613a303a7b7d),
('k0b6oia49k49nb4i76l1hppenr3ar2rh', '::1', 1589003866, 0x5f5f63695f6c6173745f726567656e65726174657c693a313538393030333836363b636172745f6974656d737c613a303a7b7d757365725f69647c733a313a2238223b726f6c655f69647c733a313a2232223b726f6c657c733a343a2255736572223b6e616d657c733a31343a224a657373204e6f20204c696d6974223b757365725f6c6f67696e7c733a313a2231223b),
('n2f1qf4h8ijvcmapm40tj9glt7s4i53q', '::1', 1589005611, 0x5f5f63695f6c6173745f726567656e65726174657c693a313538393030353631313b636172745f6974656d737c613a303a7b7d757365725f69647c733a313a2238223b726f6c655f69647c733a313a2232223b726f6c657c733a343a2255736572223b6e616d657c733a31343a224a657373204e6f20204c696d6974223b757365725f6c6f67696e7c733a313a2231223b),
('sh0v3892is74i4glf8gh4u470fu2n8cq', '::1', 1589005916, 0x5f5f63695f6c6173745f726567656e65726174657c693a313538393030353931363b636172745f6974656d737c613a303a7b7d757365725f69647c733a313a2238223b726f6c655f69647c733a313a2232223b726f6c657c733a343a2255736572223b6e616d657c733a31343a224a657373204e6f20204c696d6974223b757365725f6c6f67696e7c733a313a2231223b),
('dj7cl1i408ko9gdm3lkcvlo1k906ulb7', '::1', 1589006534, 0x5f5f63695f6c6173745f726567656e65726174657c693a313538393030363533343b636172745f6974656d737c613a303a7b7d757365725f69647c733a313a2238223b726f6c655f69647c733a313a2232223b726f6c657c733a343a2255736572223b6e616d657c733a31343a224a657373204e6f20204c696d6974223b757365725f6c6f67696e7c733a313a2231223b),
('a8dnvu2749c6q0tgr6jqva5e95s39s9i', '::1', 1589007745, 0x5f5f63695f6c6173745f726567656e65726174657c693a313538393030373734353b636172745f6974656d737c613a303a7b7d757365725f69647c733a313a2238223b726f6c655f69647c733a313a2232223b726f6c657c733a343a2255736572223b6e616d657c733a31343a224a657373204e6f20204c696d6974223b757365725f6c6f67696e7c733a313a2231223b),
('aig8k1oioid258pi1f5cifabj7nge390', '::1', 1589008071, 0x5f5f63695f6c6173745f726567656e65726174657c693a313538393030383037313b636172745f6974656d737c613a303a7b7d757365725f69647c733a313a2238223b726f6c655f69647c733a313a2232223b726f6c657c733a343a2255736572223b6e616d657c733a31343a224a657373204e6f20204c696d6974223b757365725f6c6f67696e7c733a313a2231223b),
('p5iuejg48tjbohndkbiam0r90vn2osqe', '::1', 1589008450, 0x5f5f63695f6c6173745f726567656e65726174657c693a313538393030383435303b636172745f6974656d737c613a303a7b7d757365725f69647c733a313a2238223b726f6c655f69647c733a313a2232223b726f6c657c733a343a2255736572223b6e616d657c733a31343a224a657373204e6f20204c696d6974223b757365725f6c6f67696e7c733a313a2231223b),
('cfbcmbba5ovf3dt4607fvnjhnj091j0l', '::1', 1589009096, 0x5f5f63695f6c6173745f726567656e65726174657c693a313538393030393039363b636172745f6974656d737c613a303a7b7d757365725f69647c733a313a2238223b726f6c655f69647c733a313a2232223b726f6c657c733a343a2255736572223b6e616d657c733a31343a224a657373204e6f20204c696d6974223b757365725f6c6f67696e7c733a313a2231223b),
('kucfql37uns5ifeqn5r5adsogii2lbse', '::1', 1589009447, 0x5f5f63695f6c6173745f726567656e65726174657c693a313538393030393434373b636172745f6974656d737c613a303a7b7d757365725f69647c733a313a2238223b726f6c655f69647c733a313a2232223b726f6c657c733a343a2255736572223b6e616d657c733a31343a224a657373204e6f20204c696d6974223b757365725f6c6f67696e7c733a313a2231223b),
('sdnv9f22jnnfuo0oakdurnc6quptht52', '::1', 1589010180, 0x5f5f63695f6c6173745f726567656e65726174657c693a313538393031303138303b636172745f6974656d737c613a303a7b7d757365725f69647c733a313a2231223b726f6c655f69647c733a313a2231223b726f6c657c733a353a2241646d696e223b6e616d657c733a31313a2261646d696e2074756e6173223b666c6173685f6d6573736167657c733a31393a2257656c636f6d652061646d696e2074756e6173223b5f5f63695f766172737c613a313a7b733a31333a22666c6173685f6d657373616765223b733a333a226f6c64223b7d61646d696e5f6c6f67696e7c733a313a2231223b),
('tbscal9ro154jogtcvedb6binjtd413a', '::1', 1589016028, 0x5f5f63695f6c6173745f726567656e65726174657c693a313538393031363032383b636172745f6974656d737c613a303a7b7d757365725f69647c733a313a2231223b726f6c655f69647c733a313a2231223b726f6c657c733a353a2241646d696e223b6e616d657c733a31313a2261646d696e2074756e6173223b61646d696e5f6c6f67696e7c733a313a2231223b);
INSERT INTO `ci_sessions` (`id`, `ip_address`, `timestamp`, `data`) VALUES
('34a02r4ekqnjmd7jlv72b1s4a6m2bv9p', '::1', 1589016028, 0x5f5f63695f6c6173745f726567656e65726174657c693a313538393031363032383b636172745f6974656d737c613a303a7b7d757365725f69647c733a313a2231223b726f6c655f69647c733a313a2231223b726f6c657c733a353a2241646d696e223b6e616d657c733a31313a2261646d696e2074756e6173223b61646d696e5f6c6f67696e7c733a313a2231223b),
('pegkcfh5qr5f50fluuttfejum3i8gcod', '::1', 1589025816, 0x5f5f63695f6c6173745f726567656e65726174657c693a313538393032353831363b636172745f6974656d737c613a303a7b7d757365725f69647c733a313a2231223b726f6c655f69647c733a313a2231223b726f6c657c733a353a2241646d696e223b6e616d657c733a31313a2261646d696e2074756e6173223b61646d696e5f6c6f67696e7c733a313a2231223b),
('itja52rl5h9uu08if704gl4rmu5hc0ev', '::1', 1589026325, 0x5f5f63695f6c6173745f726567656e65726174657c693a313538393032363332353b636172745f6974656d737c613a303a7b7d757365725f69647c733a313a2231223b726f6c655f69647c733a313a2231223b726f6c657c733a353a2241646d696e223b6e616d657c733a31313a2261646d696e2074756e6173223b61646d696e5f6c6f67696e7c733a313a2231223b),
('jo3lq1ecr4sdvo33kvm8g3naos6ilm1m', '::1', 1589026658, 0x5f5f63695f6c6173745f726567656e65726174657c693a313538393032363635383b636172745f6974656d737c613a303a7b7d757365725f69647c733a313a2231223b726f6c655f69647c733a313a2231223b726f6c657c733a353a2241646d696e223b6e616d657c733a31313a2261646d696e2074756e6173223b61646d696e5f6c6f67696e7c733a313a2231223b),
('2j2b94qlqiimk35mfsrib279h5adjg9a', '::1', 1589027474, 0x5f5f63695f6c6173745f726567656e65726174657c693a313538393032373437343b636172745f6974656d737c613a303a7b7d757365725f69647c733a313a2231223b726f6c655f69647c733a313a2231223b726f6c657c733a353a2241646d696e223b6e616d657c733a31313a2261646d696e2074756e6173223b61646d696e5f6c6f67696e7c733a313a2231223b),
('3kuvtn3alkml5tglq44iteceu8te7hlr', '::1', 1589033623, 0x5f5f63695f6c6173745f726567656e65726174657c693a313538393033333632333b636172745f6974656d737c613a303a7b7d757365725f69647c733a313a2231223b726f6c655f69647c733a313a2231223b726f6c657c733a353a2241646d696e223b6e616d657c733a31313a2261646d696e2074756e6173223b61646d696e5f6c6f67696e7c733a313a2231223b),
('ncjliqehq7b99h6igaf6nqtebpgtrgu2', '::1', 1589037653, 0x5f5f63695f6c6173745f726567656e65726174657c693a313538393033373635333b636172745f6974656d737c613a303a7b7d757365725f69647c733a313a2231223b726f6c655f69647c733a313a2231223b726f6c657c733a353a2241646d696e223b6e616d657c733a31313a2261646d696e2074756e6173223b61646d696e5f6c6f67696e7c733a313a2231223b),
('jsnofd6j485hl6oavsusa2c9sj8hij82', '::1', 1589038882, 0x5f5f63695f6c6173745f726567656e65726174657c693a313538393033383838323b636172745f6974656d737c613a303a7b7d757365725f69647c733a313a2231223b726f6c655f69647c733a313a2231223b726f6c657c733a353a2241646d696e223b6e616d657c733a31313a2261646d696e2074756e6173223b61646d696e5f6c6f67696e7c733a313a2231223b),
('egpe957pgu2cb92j88jtknsorr3gm3b2', '::1', 1589039391, 0x5f5f63695f6c6173745f726567656e65726174657c693a313538393033393339313b636172745f6974656d737c613a303a7b7d757365725f69647c733a313a2231223b726f6c655f69647c733a313a2231223b726f6c657c733a353a2241646d696e223b6e616d657c733a31313a2261646d696e2074756e6173223b61646d696e5f6c6f67696e7c733a313a2231223b),
('goqn5r8t2b37erccivsebombgjf1ndb3', '::1', 1589039850, 0x5f5f63695f6c6173745f726567656e65726174657c693a313538393033393835303b636172745f6974656d737c613a303a7b7d757365725f69647c733a313a2231223b726f6c655f69647c733a313a2231223b726f6c657c733a353a2241646d696e223b6e616d657c733a31313a2261646d696e2074756e6173223b61646d696e5f6c6f67696e7c733a313a2231223b),
('b2fbmc8a7uercv30qgkch7mnh1sevao9', '::1', 1589040757, 0x5f5f63695f6c6173745f726567656e65726174657c693a313538393034303735373b636172745f6974656d737c613a303a7b7d757365725f69647c733a313a2231223b726f6c655f69647c733a313a2231223b726f6c657c733a353a2241646d696e223b6e616d657c733a31313a2261646d696e2074756e6173223b61646d696e5f6c6f67696e7c733a313a2231223b),
('ec39g8im0d1sg7rivl0nl0sg2l0kbiaj', '::1', 1589041087, 0x5f5f63695f6c6173745f726567656e65726174657c693a313538393034313038373b636172745f6974656d737c613a303a7b7d757365725f69647c733a313a2231223b726f6c655f69647c733a313a2231223b726f6c657c733a353a2241646d696e223b6e616d657c733a31313a2261646d696e2074756e6173223b61646d696e5f6c6f67696e7c733a313a2231223b),
('4duuk9h638mqso2m482ehb5i7prjldgr', '::1', 1589041278, 0x5f5f63695f6c6173745f726567656e65726174657c693a313538393034313038373b636172745f6974656d737c613a303a7b7d757365725f69647c733a313a2231223b726f6c655f69647c733a313a2231223b726f6c657c733a353a2241646d696e223b6e616d657c733a31313a2261646d696e2074756e6173223b61646d696e5f6c6f67696e7c733a313a2231223b),
('b8j0jtbolr9mai8uokobrakca89epj07', '::1', 1589079353, 0x5f5f63695f6c6173745f726567656e65726174657c693a313538393037393335333b636172745f6974656d737c613a303a7b7d),
('7t31j39e83kdi56isvk6ekntdlg1932f', '::1', 1589081081, 0x5f5f63695f6c6173745f726567656e65726174657c693a313538393038313038313b636172745f6974656d737c613a303a7b7d),
('bh876b0ngokjaslockbspr7qc5u0umlj', '::1', 1589081444, 0x5f5f63695f6c6173745f726567656e65726174657c693a313538393038313434343b636172745f6974656d737c613a303a7b7d),
('u4ipqe5h6ghvu510f2gal4phfeg8qagc', '::1', 1589083524, 0x5f5f63695f6c6173745f726567656e65726174657c693a313538393038333532343b636172745f6974656d737c613a303a7b7d),
('1cl1gb1j9r4vs9kdv5pa1204uas85hbu', '::1', 1589083826, 0x5f5f63695f6c6173745f726567656e65726174657c693a313538393038333832363b636172745f6974656d737c613a303a7b7d757365725f69647c733a313a2231223b726f6c655f69647c733a313a2231223b726f6c657c733a353a2241646d696e223b6e616d657c733a31313a2261646d696e2074756e6173223b61646d696e5f6c6f67696e7c733a313a2231223b),
('7ilh1q0v9dhme51qm9ja5qkpi8d32km0', '::1', 1589084172, 0x5f5f63695f6c6173745f726567656e65726174657c693a313538393038343137323b636172745f6974656d737c613a303a7b7d757365725f69647c733a313a2231223b726f6c655f69647c733a313a2231223b726f6c657c733a353a2241646d696e223b6e616d657c733a31313a2261646d696e2074756e6173223b61646d696e5f6c6f67696e7c733a313a2231223b),
('jjeqp7j246i29qaupupnj4k4aamm155i', '::1', 1589084528, 0x5f5f63695f6c6173745f726567656e65726174657c693a313538393038343532383b636172745f6974656d737c613a303a7b7d757365725f69647c733a313a2231223b726f6c655f69647c733a313a2231223b726f6c657c733a353a2241646d696e223b6e616d657c733a31313a2261646d696e2074756e6173223b61646d696e5f6c6f67696e7c733a313a2231223b),
('nu7vddsa8hfbrp4h99vnpjhviafmu3p3', '::1', 1589084814, 0x5f5f63695f6c6173745f726567656e65726174657c693a313538393038343532383b636172745f6974656d737c613a303a7b7d757365725f69647c733a313a2231223b726f6c655f69647c733a313a2231223b726f6c657c733a353a2241646d696e223b6e616d657c733a31313a2261646d696e2074756e6173223b61646d696e5f6c6f67696e7c733a313a2231223b);

-- --------------------------------------------------------

--
-- Table structure for table `comment`
--

CREATE TABLE `comment` (
  `id` int(11) UNSIGNED NOT NULL,
  `body` longtext COLLATE utf8_unicode_ci DEFAULT NULL,
  `user_id` int(11) DEFAULT NULL,
  `commentable_id` int(11) DEFAULT NULL,
  `commentable_type` varchar(50) COLLATE utf8_unicode_ci DEFAULT NULL,
  `date_added` int(11) DEFAULT NULL,
  `last_modified` int(11) DEFAULT NULL
) ENGINE=InnoDB DEFAULT CHARSET=utf8 COLLATE=utf8_unicode_ci;

-- --------------------------------------------------------

--
-- Table structure for table `course`
--

CREATE TABLE `course` (
  `id` int(11) UNSIGNED NOT NULL,
  `title` varchar(255) COLLATE utf8_unicode_ci DEFAULT NULL,
  `short_description` longtext COLLATE utf8_unicode_ci DEFAULT NULL,
  `description` longtext COLLATE utf8_unicode_ci DEFAULT NULL,
  `outcomes` longtext COLLATE utf8_unicode_ci DEFAULT NULL,
  `language` varchar(255) COLLATE utf8_unicode_ci DEFAULT NULL,
  `category_id` int(11) DEFAULT NULL,
  `sub_category_id` int(11) DEFAULT NULL,
  `section` longtext COLLATE utf8_unicode_ci DEFAULT NULL,
  `requirements` longtext COLLATE utf8_unicode_ci DEFAULT NULL,
  `price` double DEFAULT NULL,
  `discount_flag` int(11) DEFAULT 0,
  `discounted_price` int(11) DEFAULT NULL,
  `level` varchar(50) COLLATE utf8_unicode_ci DEFAULT NULL,
  `user_id` int(11) DEFAULT NULL,
  `thumbnail` varchar(255) COLLATE utf8_unicode_ci DEFAULT NULL,
  `video_url` varchar(255) COLLATE utf8_unicode_ci DEFAULT NULL,
  `date_added` int(11) DEFAULT NULL,
  `last_modified` int(11) DEFAULT NULL,
  `visibility` int(11) DEFAULT NULL,
  `is_top_course` int(11) DEFAULT 0,
  `is_admin` int(11) DEFAULT NULL,
  `status` varchar(255) COLLATE utf8_unicode_ci DEFAULT NULL,
  `course_overview_provider` varchar(255) COLLATE utf8_unicode_ci DEFAULT NULL,
  `meta_keywords` longtext COLLATE utf8_unicode_ci DEFAULT NULL,
  `meta_description` longtext COLLATE utf8_unicode_ci DEFAULT NULL,
  `is_free_course` int(11) DEFAULT NULL
) ENGINE=InnoDB DEFAULT CHARSET=utf8 COLLATE=utf8_unicode_ci;

--
-- Dumping data for table `course`
--

INSERT INTO `course` (`id`, `title`, `short_description`, `description`, `outcomes`, `language`, `category_id`, `sub_category_id`, `section`, `requirements`, `price`, `discount_flag`, `discounted_price`, `level`, `user_id`, `thumbnail`, `video_url`, `date_added`, `last_modified`, `visibility`, `is_top_course`, `is_admin`, `status`, `course_overview_provider`, `meta_keywords`, `meta_description`, `is_free_course`) VALUES
(1, 'Communication Skils', 'Communication Skils', '<p>Communication Skils<br></p>', '[]', 'english', 1, 2, '[1]', '[]', 0, NULL, 0, 'beginner', 1, NULL, 'https://www.youtube.com/watch?v=Zzylc-7PwQ4', 1579561200, 1579647600, NULL, 1, 1, 'active', 'youtube', '', '', 1),
(2, 'Wordpress Part 1', 'Promosikan produk Anda, gunakan perangkat SEO dan statistik tingkat lanjut, serta terhubung dengan audiens melalui media sosial yang terintegrasi untuk mengembangkan bisnis Anda. ', '<p>Promosikan produk Anda, gunakan perangkat SEO dan statistik tingkat \r\nlanjut, serta terhubung dengan audiens melalui media sosial yang \r\nterintegrasi untuk mengembangkan bisnis Anda. Promosikan produk Anda, gunakan perangkat SEO dan statistik tingkat \r\nlanjut, serta terhubung dengan audiens melalui media sosial yang \r\nterintegrasi untuk mengembangkan bisnis Anda.      </p>', '[\"Wordpress Website\"]', 'english', 1, 2, '[3]', '[\"HTML\"]', NULL, NULL, NULL, 'beginner', 1, NULL, 'https://www.youtube.com/watch?v=s0DBQqvDKOo', 1584982800, 1586019600, NULL, 1, 1, 'active', 'youtube', '', 'ojsaoijdpajof aofha sj ', 1),
(3, 'Laravel Courses', 'j doaodhaohdahs ahpd hoa', '<p><span xss=removed>COVID-19 continues to affect every corner of the globe and we hope everyone in our community is staying safe and putting their health and well-being first. As the concept of ‘business as usual’ disappears in the wake of this pandemic, we still hope that some of the information we provide here will prove useful, inspiring or, at least, interesting to you.   </span><br></p>', '[\"dasdasd\"]', 'english', 1, 2, '[4,5]', '[\"dasdas\"]', 0, NULL, 0, 'intermediate', 1, NULL, 'https://www.youtube.com/watch?v=OAH1nU-5K8o', 1585155600, NULL, NULL, NULL, 1, 'active', 'youtube', '', 'daddasdas sad asd asd asdasdas', 1),
(4, 'asjda jodjaso', 'joj', '<p>jojfojsfoisjdoijfoi sdjf oisdjfs</p>', '[\"dasdasda\"]', 'english', 1, 2, '[]', '[\"dasdas\"]', NULL, NULL, NULL, 'beginner', 1, NULL, 'https://youtube.com/watch?v=U488iz5q8KA&amp;list=RDAMVMuCOdcze1Ies', 1585155600, NULL, NULL, NULL, 1, 'active', 'youtube', '', 'dsadsad', NULL),
(5, 'Codeigniter', 'CodeigniterCodeigniterCodeigniterCodeigniter', '<p>CodeigniterCodeigniterCodeigniterCodeigniterCodeigniterCodeigniterCodeigniterCodeigniter<br></p>', '[\"Codeigniter\"]', 'english', 1, 2, '[6]', '[\"Codeigniter\"]', NULL, NULL, NULL, 'beginner', 1, NULL, 'https://youtube.com/watch?v=erV5i8XneDc&amp;list=RDAMVMuCOdcze1Ies', 1585155600, NULL, NULL, NULL, 1, 'active', 'youtube', '', 'dsadsa', 1);

-- --------------------------------------------------------

--
-- Table structure for table `currency`
--

CREATE TABLE `currency` (
  `id` int(11) NOT NULL,
  `name` varchar(255) DEFAULT NULL,
  `code` varchar(255) DEFAULT NULL,
  `symbol` varchar(255) DEFAULT NULL,
  `paypal_supported` int(11) DEFAULT NULL,
  `stripe_supported` int(11) DEFAULT NULL
) ENGINE=InnoDB DEFAULT CHARSET=utf8;

--
-- Dumping data for table `currency`
--

INSERT INTO `currency` (`id`, `name`, `code`, `symbol`, `paypal_supported`, `stripe_supported`) VALUES
(1, 'Leke', 'ALL', 'Lek', 0, 1),
(2, 'Dollars', 'USD', '$', 1, 1),
(3, 'Afghanis', 'AFN', '؋', 0, 1),
(4, 'Pesos', 'ARS', '$', 0, 1),
(5, 'Guilders', 'AWG', 'ƒ', 0, 1),
(6, 'Dollars', 'AUD', '$', 1, 1),
(7, 'New Manats', 'AZN', 'ман', 0, 1),
(8, 'Dollars', 'BSD', '$', 0, 1),
(9, 'Dollars', 'BBD', '$', 0, 1),
(10, 'Rubles', 'BYR', 'p.', 0, 0),
(11, 'Euro', 'EUR', '€', 1, 1),
(12, 'Dollars', 'BZD', 'BZ$', 0, 1),
(13, 'Dollars', 'BMD', '$', 0, 1),
(14, 'Bolivianos', 'BOB', '$b', 0, 1),
(15, 'Convertible Marka', 'BAM', 'KM', 0, 1),
(16, 'Pula', 'BWP', 'P', 0, 1),
(17, 'Leva', 'BGN', 'лв', 0, 1),
(18, 'Reais', 'BRL', 'R$', 1, 1),
(19, 'Pounds', 'GBP', '£', 1, 1),
(20, 'Dollars', 'BND', '$', 0, 1),
(21, 'Riels', 'KHR', '៛', 0, 1),
(22, 'Dollars', 'CAD', '$', 1, 1),
(23, 'Dollars', 'KYD', '$', 0, 1),
(24, 'Pesos', 'CLP', '$', 0, 1),
(25, 'Yuan Renminbi', 'CNY', '¥', 0, 1),
(26, 'Pesos', 'COP', '$', 0, 1),
(27, 'Colón', 'CRC', '₡', 0, 1),
(28, 'Kuna', 'HRK', 'kn', 0, 1),
(29, 'Pesos', 'CUP', '₱', 0, 0),
(30, 'Koruny', 'CZK', 'Kč', 1, 1),
(31, 'Kroner', 'DKK', 'kr', 1, 1),
(32, 'Pesos', 'DOP ', 'RD$', 0, 1),
(33, 'Dollars', 'XCD', '$', 0, 1),
(34, 'Pounds', 'EGP', '£', 0, 1),
(35, 'Colones', 'SVC', '$', 0, 0),
(36, 'Pounds', 'FKP', '£', 0, 1),
(37, 'Dollars', 'FJD', '$', 0, 1),
(38, 'Cedis', 'GHC', '¢', 0, 0),
(39, 'Pounds', 'GIP', '£', 0, 1),
(40, 'Quetzales', 'GTQ', 'Q', 0, 1),
(41, 'Pounds', 'GGP', '£', 0, 0),
(42, 'Dollars', 'GYD', '$', 0, 1),
(43, 'Lempiras', 'HNL', 'L', 0, 1),
(44, 'Dollars', 'HKD', '$', 1, 1),
(45, 'Forint', 'HUF', 'Ft', 1, 1),
(46, 'Kronur', 'ISK', 'kr', 0, 1),
(47, 'Rupees', 'INR', 'Rp', 1, 1),
(48, 'Rupiahs', 'IDR', 'Rp', 0, 1),
(49, 'Rials', 'IRR', '﷼', 0, 0),
(50, 'Pounds', 'IMP', '£', 0, 0),
(51, 'New Shekels', 'ILS', '₪', 1, 1),
(52, 'Dollars', 'JMD', 'J$', 0, 1),
(53, 'Yen', 'JPY', '¥', 1, 1),
(54, 'Pounds', 'JEP', '£', 0, 0),
(55, 'Tenge', 'KZT', 'лв', 0, 1),
(56, 'Won', 'KPW', '₩', 0, 0),
(57, 'Won', 'KRW', '₩', 0, 1),
(58, 'Soms', 'KGS', 'лв', 0, 1),
(59, 'Kips', 'LAK', '₭', 0, 1),
(60, 'Lati', 'LVL', 'Ls', 0, 0),
(61, 'Pounds', 'LBP', '£', 0, 1),
(62, 'Dollars', 'LRD', '$', 0, 1),
(63, 'Switzerland Francs', 'CHF', 'CHF', 1, 1),
(64, 'Litai', 'LTL', 'Lt', 0, 0),
(65, 'Denars', 'MKD', 'ден', 0, 1),
(66, 'Ringgits', 'MYR', 'RM', 1, 1),
(67, 'Rupees', 'MUR', '₨', 0, 1),
(68, 'Pesos', 'MXN', '$', 1, 1),
(69, 'Tugriks', 'MNT', '₮', 0, 1),
(70, 'Meticais', 'MZN', 'MT', 0, 1),
(71, 'Dollars', 'NAD', '$', 0, 1),
(72, 'Rupees', 'NPR', '₨', 0, 1),
(73, 'Guilders', 'ANG', 'ƒ', 0, 1),
(74, 'Dollars', 'NZD', '$', 1, 1),
(75, 'Cordobas', 'NIO', 'C$', 0, 1),
(76, 'Nairas', 'NGN', '₦', 0, 1),
(77, 'Krone', 'NOK', 'kr', 1, 1),
(78, 'Rials', 'OMR', '﷼', 0, 0),
(79, 'Rupees', 'PKR', '₨', 0, 1),
(80, 'Balboa', 'PAB', 'B/.', 0, 1),
(81, 'Guarani', 'PYG', 'Gs', 0, 1),
(82, 'Nuevos Soles', 'PEN', 'S/.', 0, 1),
(83, 'Pesos', 'PHP', 'Php', 1, 1),
(84, 'Zlotych', 'PLN', 'zł', 1, 1),
(85, 'Rials', 'QAR', '﷼', 0, 1),
(86, 'New Lei', 'RON', 'lei', 0, 1),
(87, 'Rubles', 'RUB', 'руб', 1, 1),
(88, 'Pounds', 'SHP', '£', 0, 1),
(89, 'Riyals', 'SAR', '﷼', 0, 1),
(90, 'Dinars', 'RSD', 'Дин.', 0, 1),
(91, 'Rupees', 'SCR', '₨', 0, 1),
(92, 'Dollars', 'SGD', '$', 1, 1),
(93, 'Dollars', 'SBD', '$', 0, 1),
(94, 'Shillings', 'SOS', 'S', 0, 1),
(95, 'Rand', 'ZAR', 'R', 0, 1),
(96, 'Rupees', 'LKR', '₨', 0, 1),
(97, 'Kronor', 'SEK', 'kr', 1, 1),
(98, 'Dollars', 'SRD', '$', 0, 1),
(99, 'Pounds', 'SYP', '£', 0, 0),
(100, 'New Dollars', 'TWD', 'NT$', 1, 1),
(101, 'Baht', 'THB', '฿', 1, 1),
(102, 'Dollars', 'TTD', 'TT$', 0, 1),
(103, 'Lira', 'TRY', 'TL', 0, 1),
(104, 'Liras', 'TRL', '£', 0, 0),
(105, 'Dollars', 'TVD', '$', 0, 0),
(106, 'Hryvnia', 'UAH', '₴', 0, 1),
(107, 'Pesos', 'UYU', '$U', 0, 1),
(108, 'Sums', 'UZS', 'лв', 0, 1),
(109, 'Bolivares Fuertes', 'VEF', 'Bs', 0, 0),
(110, 'Dong', 'VND', '₫', 0, 1),
(111, 'Rials', 'YER', '﷼', 0, 1),
(112, 'Zimbabwe Dollars', 'ZWD', 'Z$', 0, 0);

-- --------------------------------------------------------

--
-- Table structure for table `enrol`
--

CREATE TABLE `enrol` (
  `id` int(11) UNSIGNED NOT NULL,
  `user_id` int(11) DEFAULT NULL,
  `course_id` int(11) DEFAULT NULL,
  `date_added` int(11) DEFAULT NULL,
  `last_modified` int(11) DEFAULT NULL,
  `is_mandatory` tinyint(1) DEFAULT NULL
) ENGINE=InnoDB DEFAULT CHARSET=utf8 COLLATE=utf8_unicode_ci;

--
-- Dumping data for table `enrol`
--

INSERT INTO `enrol` (`id`, `user_id`, `course_id`, `date_added`, `last_modified`, `is_mandatory`) VALUES
(1, 2, 1, 1579561200, NULL, NULL),
(3, 4, 3, 1585155600, NULL, 1),
(4, 4, 2, 1586019600, NULL, 1),
(5, 6, 3, 1588698000, NULL, 1),
(11, 7, 1, 1588852791, NULL, 1),
(14, 7, 2, 1588784400, NULL, NULL),
(17, 8, 2, 1588784400, NULL, 1),
(18, 8, 4, 1588784400, NULL, 1),
(21, 9, 3, 1588784400, NULL, 1),
(22, 9, 1, 1588784400, NULL, NULL);

-- --------------------------------------------------------

--
-- Table structure for table `frontend_settings`
--

CREATE TABLE `frontend_settings` (
  `id` int(11) UNSIGNED NOT NULL,
  `key` varchar(255) COLLATE utf8_unicode_ci DEFAULT NULL,
  `value` longtext COLLATE utf8_unicode_ci DEFAULT NULL
) ENGINE=InnoDB DEFAULT CHARSET=utf8 COLLATE=utf8_unicode_ci;

--
-- Dumping data for table `frontend_settings`
--

INSERT INTO `frontend_settings` (`id`, `key`, `value`) VALUES
(1, 'banner_title', 'Learn on your schedule'),
(2, 'banner_sub_title', 'Study any topic, anytime. Explore thousands of courses for the lowest price ever!'),
(4, 'about_us', '<p></p><h2>This is about us</h2><p><span xss=\"removed\" xss=removed>Welcome to Academy. It will help you to learn in a new ways</span></p>'),
(10, 'terms_and_condition', '<h2>Terms and Condition</h2>This is the Terms and condition page for your companys'),
(11, 'privacy_policy', '<p></p><p></p><h2><span xss=\"removed\">Privacy Policy</span><br></h2>This is the Privacy Policy page for your companys<p></p><p><b>This is another</b> <u><a href=\"https://youtube.com/watch?v=PHgc8Q6qTjc\" target=\"_blank\">thing you will</a></u> <span xss=\"removed\">not understand</span>.</p>'),
(13, 'theme', 'default');

-- --------------------------------------------------------

--
-- Table structure for table `innovation`
--

CREATE TABLE `innovation` (
  `id` int(11) NOT NULL,
  `name` varchar(250) NOT NULL,
  `nik` varchar(30) DEFAULT NULL,
  `year` year(4) NOT NULL,
  `company_id` int(11) NOT NULL,
  `title` varchar(250) NOT NULL,
  `description` longtext NOT NULL,
  `type` longtext DEFAULT NULL,
  `status` longtext DEFAULT NULL,
  `category` longtext DEFAULT NULL,
  `add_date` datetime NOT NULL,
  `upload_path` varchar(200) DEFAULT NULL
) ENGINE=InnoDB DEFAULT CHARSET=latin1;

-- --------------------------------------------------------

--
-- Table structure for table `innovation_company`
--

CREATE TABLE `innovation_company` (
  `id` int(11) NOT NULL,
  `company_name` varchar(250) NOT NULL,
  `company_center` int(11) NOT NULL DEFAULT 0
) ENGINE=InnoDB DEFAULT CHARSET=utf8mb4;

--
-- Dumping data for table `innovation_company`
--

INSERT INTO `innovation_company` (`id`, `company_name`, `company_center`) VALUES
(1, 'Agricodex', 0),
(2, 'Agricodex Jakarta', 1),
(3, 'Agricodex Depok', 1),
(4, 'Agricodex Bogor', 1),
(5, 'Tunas Group', 0),
(6, 'Tunas Group Bintaro', 5),
(7, 'Tunas Group Jakarta', 5),
(20, 'MAI ', 0),
(21, 'MAI Jakarta', 20),
(22, 'BLADE', 0),
(23, 'BLADE JAKARTA', 22),
(24, 'PUSAT', 20),
(25, 'BLADE PUSAT', 22);

-- --------------------------------------------------------

--
-- Table structure for table `language`
--

CREATE TABLE `language` (
  `phrase_id` int(11) NOT NULL,
  `phrase` longtext COLLATE utf8_unicode_ci DEFAULT NULL,
  `english` longtext COLLATE utf8_unicode_ci DEFAULT NULL,
  `Bengali` longtext COLLATE utf8_unicode_ci DEFAULT NULL
) ENGINE=MyISAM DEFAULT CHARSET=utf8 COLLATE=utf8_unicode_ci;

--
-- Dumping data for table `language`
--

INSERT INTO `language` (`phrase_id`, `phrase`, `english`, `Bengali`) VALUES
(1, 'manage_profile', NULL, NULL),
(140, 'category_code', NULL, NULL),
(3, 'dashboard', NULL, NULL),
(4, 'categories', NULL, NULL),
(5, 'courses', NULL, NULL),
(6, 'students', NULL, NULL),
(7, 'enroll_history', NULL, NULL),
(8, 'message', NULL, NULL),
(9, 'settings', NULL, NULL),
(10, 'system_settings', NULL, NULL),
(11, 'frontend_settings', NULL, NULL),
(12, 'payment_settings', NULL, NULL),
(13, 'manage_language', NULL, NULL),
(14, 'edit_profile', NULL, NULL),
(15, 'log_out', NULL, NULL),
(16, 'first_name', NULL, NULL),
(17, 'last_name', NULL, NULL),
(18, 'email', NULL, NULL),
(19, 'facebook_link', NULL, NULL),
(20, 'twitter_link', NULL, NULL),
(21, 'linkedin_link', NULL, NULL),
(22, 'a_short_title_about_yourself', NULL, NULL),
(23, 'biography', NULL, NULL),
(24, 'photo', NULL, NULL),
(25, 'select_image', NULL, NULL),
(26, 'change', NULL, NULL),
(27, 'remove', NULL, NULL),
(28, 'update_profile', NULL, NULL),
(29, 'change_password', NULL, NULL),
(30, 'current_password', NULL, NULL),
(31, 'new_password', NULL, NULL),
(32, 'confirm_new_password', NULL, NULL),
(33, 'delete', NULL, NULL),
(34, 'cancel', NULL, NULL),
(35, 'are_you_sure_to_update_this_information', NULL, NULL),
(36, 'yes', NULL, NULL),
(37, 'no', NULL, NULL),
(38, 'system settings', NULL, NULL),
(39, 'system_name', NULL, NULL),
(40, 'system_title', NULL, NULL),
(41, 'slogan', NULL, NULL),
(42, 'system_email', NULL, NULL),
(43, 'address', NULL, NULL),
(44, 'phone', NULL, NULL),
(45, 'youtube_api_key', NULL, NULL),
(46, 'get_youtube_api_key', NULL, NULL),
(47, 'vimeo_api_key', NULL, NULL),
(48, 'purchase_code', NULL, NULL),
(49, 'language', NULL, NULL),
(50, 'text-align', NULL, NULL),
(51, 'update_system_settings', NULL, NULL),
(52, 'update_product', NULL, NULL),
(53, 'file', NULL, NULL),
(54, 'install_update', NULL, NULL),
(55, 'system_logo', NULL, NULL),
(56, 'update_logo', NULL, NULL),
(57, 'get_vimeo_api_key', NULL, NULL),
(58, 'add_category', NULL, NULL),
(59, 'category_title', NULL, NULL),
(60, 'sub_categories', NULL, NULL),
(61, 'actions', NULL, NULL),
(62, 'action', NULL, NULL),
(63, 'manage_sub_categories', NULL, NULL),
(64, 'edit', NULL, NULL),
(65, 'add_course', NULL, NULL),
(66, 'select_category', NULL, NULL),
(67, 'title', NULL, NULL),
(68, 'category', NULL, NULL),
(69, '#_section', NULL, NULL),
(70, '#_lesson', NULL, NULL),
(71, '#_enrolled_user', NULL, NULL),
(72, 'view_course_details', NULL, NULL),
(73, 'manage_section', NULL, NULL),
(74, 'manage_lesson', NULL, NULL),
(75, 'student', NULL, NULL),
(76, 'add_student', NULL, NULL),
(77, 'name', NULL, NULL),
(78, 'date_added', NULL, NULL),
(79, 'enrolled_courses', NULL, NULL),
(80, 'view_profile', NULL, NULL),
(81, 'admin_dashboard', NULL, NULL),
(82, 'total_courses', NULL, NULL),
(83, 'number_of_courses', NULL, NULL),
(84, 'total_lessons', NULL, NULL),
(85, 'number_of_lessons', NULL, NULL),
(86, 'total_enrollment', NULL, NULL),
(87, 'number_of_enrollment', NULL, NULL),
(88, 'total_student', NULL, NULL),
(89, 'number_of_student', NULL, NULL),
(90, 'manage_sections', NULL, NULL),
(91, 'manage sections', NULL, NULL),
(92, 'course', NULL, NULL),
(93, 'add_section', NULL, NULL),
(94, 'lessons', NULL, NULL),
(95, 'serialize_sections', NULL, NULL),
(96, 'add_lesson', NULL, NULL),
(97, 'edit_section', NULL, NULL),
(98, 'delete_section', NULL, NULL),
(99, 'course_details', NULL, NULL),
(100, 'course details', NULL, NULL),
(101, 'details', NULL, NULL),
(102, 'instructor', NULL, NULL),
(103, 'sub_category', NULL, NULL),
(104, 'enrolled_user', NULL, NULL),
(105, 'last_modified', NULL, NULL),
(106, 'manage language', NULL, NULL),
(107, 'language_list', NULL, NULL),
(108, 'add_phrase', NULL, NULL),
(109, 'add_language', NULL, NULL),
(110, 'option', NULL, NULL),
(111, 'edit_phrase', NULL, NULL),
(112, 'delete_language', NULL, NULL),
(113, 'phrase', NULL, NULL),
(114, 'value_required', NULL, NULL),
(115, 'frontend settings', NULL, NULL),
(116, 'banner_title', NULL, NULL),
(117, 'banner_sub_title', NULL, NULL),
(118, 'about_us', NULL, NULL),
(119, 'blog', NULL, NULL),
(120, 'update_frontend_settings', NULL, NULL),
(121, 'update_banner', NULL, NULL),
(122, 'banner_image', NULL, NULL),
(123, 'update_banner_image', NULL, NULL),
(124, 'payment settings', NULL, NULL),
(125, 'paypal_settings', NULL, NULL),
(126, 'client_id', NULL, NULL),
(127, 'sandbox', NULL, NULL),
(128, 'production', NULL, NULL),
(129, 'active', NULL, NULL),
(130, 'mode', NULL, NULL),
(131, 'stripe_settings', NULL, NULL),
(132, 'testmode', NULL, NULL),
(133, 'on', NULL, NULL),
(134, 'off', NULL, NULL),
(135, 'test_secret_key', NULL, NULL),
(136, 'test_public_key', NULL, NULL),
(137, 'live_secret_key', NULL, NULL),
(138, 'live_public_key', NULL, NULL),
(139, 'save_changes', NULL, NULL),
(141, 'update_phrase', NULL, NULL),
(142, 'check', NULL, NULL),
(143, 'settings_updated', NULL, NULL),
(144, 'checking', NULL, NULL),
(145, 'phrase_added', NULL, NULL),
(146, 'language_added', NULL, NULL),
(147, 'language_deleted', NULL, NULL),
(148, 'add course', NULL, NULL),
(149, 'add_courses', NULL, NULL),
(150, 'add_course_form', NULL, NULL),
(151, 'basic_info', NULL, NULL),
(152, 'short_description', NULL, NULL),
(153, 'description', NULL, NULL),
(154, 'level', NULL, NULL),
(155, 'beginner', NULL, NULL),
(156, 'advanced', NULL, NULL),
(157, 'intermediate', NULL, NULL),
(158, 'language_made_in', NULL, NULL),
(159, 'is_top_course', NULL, NULL),
(160, 'outcomes', NULL, NULL),
(161, 'category_and_sub_category', NULL, NULL),
(162, 'select_a_category', NULL, NULL),
(163, 'select_a_category_first', NULL, NULL),
(164, 'requirements', NULL, NULL),
(165, 'price_and_discount', NULL, NULL),
(166, 'price', NULL, NULL),
(167, 'has_discount', NULL, NULL),
(168, 'discounted_price', NULL, NULL),
(169, 'course_thumbnail', NULL, NULL),
(170, 'note', NULL, NULL),
(171, 'thumbnail_size_should_be_600_x_600', NULL, NULL),
(172, 'course_overview_url', NULL, NULL),
(173, '0%', NULL, NULL),
(174, 'manage profile', NULL, NULL),
(175, 'edit_course', NULL, NULL),
(176, 'edit course', NULL, NULL),
(177, 'edit_courses', NULL, NULL),
(178, 'edit_course_form', NULL, NULL),
(179, 'update_course', NULL, NULL),
(180, 'course_updated', NULL, NULL),
(181, 'number_of_sections', NULL, NULL),
(182, 'number_of_enrolled_users', NULL, NULL),
(183, 'add section', NULL, NULL),
(184, 'section', NULL, NULL),
(185, 'add_section_form', NULL, NULL),
(186, 'update', NULL, NULL),
(187, 'serialize_section', NULL, NULL),
(188, 'serialize section', NULL, NULL),
(189, 'submit', NULL, NULL),
(190, 'sections_have_been_serialized', NULL, NULL),
(191, 'select_course', NULL, NULL),
(192, 'search', NULL, NULL),
(193, 'thumbnail', NULL, NULL),
(194, 'duration', NULL, NULL),
(195, 'provider', NULL, NULL),
(196, 'add lesson', NULL, NULL),
(197, 'add_lesson_form', NULL, NULL),
(198, 'video_type', NULL, NULL),
(199, 'select_a_course', NULL, NULL),
(200, 'select_a_course_first', NULL, NULL),
(201, 'video_url', NULL, NULL),
(202, 'invalid_url', NULL, NULL),
(203, 'your_video_source_has_to_be_either_youtube_or_vimeo', NULL, NULL),
(204, 'for', NULL, NULL),
(205, 'of', NULL, NULL),
(206, 'edit_lesson', NULL, NULL),
(207, 'edit lesson', NULL, NULL),
(208, 'edit_lesson_form', NULL, NULL),
(209, 'login', NULL, NULL),
(210, 'password', NULL, NULL),
(211, 'forgot_password', NULL, NULL),
(212, 'back_to_website', NULL, NULL),
(213, 'send_mail', NULL, NULL),
(214, 'back_to_login', NULL, NULL),
(215, 'student_add', NULL, NULL),
(216, 'student add', NULL, NULL),
(217, 'add_students', NULL, NULL),
(218, 'student_add_form', NULL, NULL),
(219, 'login_credentials', NULL, NULL),
(220, 'social_information', NULL, NULL),
(221, 'facebook', NULL, NULL),
(222, 'twitter', NULL, NULL),
(223, 'linkedin', NULL, NULL),
(224, 'user_image', NULL, NULL),
(225, 'add_user', NULL, NULL),
(226, 'user_update_successfully', NULL, NULL),
(227, 'user_added_successfully', NULL, NULL),
(228, 'student_edit', NULL, NULL),
(229, 'student edit', NULL, NULL),
(230, 'edit_students', NULL, NULL),
(231, 'student_edit_form', NULL, NULL),
(232, 'update_user', NULL, NULL),
(233, 'enroll history', NULL, NULL),
(234, 'filter', NULL, NULL),
(235, 'user_name', NULL, NULL),
(236, 'enrolled_course', NULL, NULL),
(237, 'enrollment_date', NULL, NULL),
(238, 'biography2', NULL, NULL),
(239, 'home', NULL, NULL),
(240, 'search_for_courses', NULL, NULL),
(241, 'total', NULL, NULL),
(242, 'go_to_cart', NULL, NULL),
(243, 'your_cart_is_empty', NULL, NULL),
(244, 'log_in', NULL, NULL),
(245, 'sign_up', NULL, NULL),
(246, 'what_do_you_want_to_learn', NULL, NULL),
(247, 'online_courses', NULL, NULL),
(248, 'explore_a_variety_of_fresh_topics', NULL, NULL),
(249, 'expert_instruction', NULL, NULL),
(250, 'find_the_right_course_for_you', NULL, NULL),
(251, 'lifetime_access', NULL, NULL),
(252, 'learn_on_your_schedule', NULL, NULL),
(253, 'top_courses', NULL, NULL),
(254, 'last_updater', NULL, NULL),
(255, 'hours', NULL, NULL),
(256, 'add_to_cart', NULL, NULL),
(257, 'top', NULL, NULL),
(258, 'latest_courses', NULL, NULL),
(259, 'added_to_cart', NULL, NULL),
(260, 'admin', NULL, NULL),
(261, 'log_in_to_your_udemy_account', NULL, NULL),
(262, 'by_signing_up_you_agree_to_our', NULL, NULL),
(263, 'terms_of_use', NULL, NULL),
(264, 'and', NULL, NULL),
(265, 'privacy_policy', NULL, NULL),
(266, 'do_not_have_an_account', NULL, NULL),
(267, 'sign_up_and_start_learning', NULL, NULL),
(268, 'check_here_for_exciting_deals_and_personalized_course_recommendations', NULL, NULL),
(269, 'already_have_an_account', NULL, NULL),
(270, 'checkout', NULL, NULL),
(271, 'paypal', NULL, NULL),
(272, 'stripe', NULL, NULL),
(273, 'step', NULL, NULL),
(274, 'how_would_you_rate_this_course_overall', NULL, NULL),
(275, 'write_a_public_review', NULL, NULL),
(276, 'describe_your_experience_what_you_got_out_of_the_course_and_other_helpful_highlights', NULL, NULL),
(277, 'what_did_the_instructor_do_well_and_what_could_use_some_improvement', NULL, NULL),
(278, 'next', NULL, NULL),
(279, 'previous', NULL, NULL),
(280, 'publish', NULL, NULL),
(281, 'search_results', NULL, NULL),
(282, 'ratings', NULL, NULL),
(283, 'search_results_for', NULL, NULL),
(284, 'category_page', NULL, NULL),
(285, 'all', NULL, NULL),
(286, 'category_list', NULL, NULL),
(287, 'by', NULL, NULL),
(288, 'go_to_wishlist', NULL, NULL),
(289, 'hi', NULL, NULL),
(290, 'my_courses', NULL, NULL),
(291, 'my_wishlist', NULL, NULL),
(292, 'my_messages', NULL, NULL),
(293, 'purchase_history', NULL, NULL),
(294, 'user_profile', NULL, NULL),
(295, 'already_purchased', NULL, NULL),
(296, 'all_courses', NULL, NULL),
(297, 'wishlists', NULL, NULL),
(298, 'search_my_courses', NULL, NULL),
(299, 'students_enrolled', NULL, NULL),
(300, 'created_by', NULL, NULL),
(301, 'last_updated', NULL, NULL),
(302, 'what_will_i_learn', NULL, NULL),
(303, 'view_more', NULL, NULL),
(304, 'other_related_courses', NULL, NULL),
(305, 'updated', NULL, NULL),
(306, 'curriculum_for_this_course', NULL, NULL),
(307, 'about_the_instructor', NULL, NULL),
(308, 'reviews', NULL, NULL),
(309, 'student_feedback', NULL, NULL),
(310, 'average_rating', NULL, NULL),
(311, 'preview_this_course', NULL, NULL),
(312, 'includes', NULL, NULL),
(313, 'on_demand_videos', NULL, NULL),
(314, 'full_lifetime_access', NULL, NULL),
(315, 'access_on_mobile_and_tv', NULL, NULL),
(316, 'course_preview', NULL, NULL),
(317, 'instructor_page', NULL, NULL),
(318, 'buy_now', NULL, NULL),
(319, 'shopping_cart', NULL, NULL),
(320, 'courses_in_cart', NULL, NULL),
(321, 'student_name', NULL, NULL),
(322, 'amount_to_pay', NULL, NULL),
(323, 'payment_successfully_done', NULL, NULL),
(324, 'filter_by', NULL, NULL),
(325, 'instructors', NULL, NULL),
(326, 'reset', NULL, NULL),
(327, 'your', NULL, NULL),
(328, 'rating', NULL, NULL),
(329, 'course_detail', NULL, NULL),
(330, 'start_lesson', NULL, NULL),
(331, 'show_full_biography', NULL, NULL),
(332, 'terms_and_condition', NULL, NULL),
(333, 'about', NULL, NULL),
(334, 'terms_&_condition', NULL, NULL),
(335, 'sub categories', NULL, NULL),
(336, 'add_sub_category', NULL, NULL),
(337, 'sub_category_title', NULL, NULL),
(338, 'add sub category', NULL, NULL),
(339, 'add_sub_category_form', NULL, NULL),
(340, 'sub_category_code', NULL, NULL),
(341, 'data_deleted', NULL, NULL),
(342, 'edit_category', NULL, NULL),
(343, 'edit category', NULL, NULL),
(344, 'edit_category_form', NULL, NULL),
(345, 'font', NULL, NULL),
(346, 'awesome class', NULL, NULL),
(347, 'update_category', NULL, NULL),
(348, 'data_updated_successfully', NULL, NULL),
(349, 'edit_sub_category', NULL, NULL),
(350, 'edit sub category', NULL, NULL),
(351, 'sub_category_edit', NULL, NULL),
(352, 'update_sub_category', NULL, NULL),
(353, 'course_added', NULL, NULL),
(354, 'user_deleted_successfully', NULL, NULL),
(355, 'private_messaging', NULL, NULL),
(356, 'private messaging', NULL, NULL),
(357, 'messages', NULL, NULL),
(358, 'select_message_to_read', NULL, NULL),
(359, 'new_message', NULL, NULL),
(360, 'email_duplication', NULL, NULL),
(361, 'your_registration_has_been_successfully_done', NULL, NULL),
(362, 'profile', NULL, NULL),
(363, 'account', NULL, NULL),
(364, 'add_information_about_yourself_to_share_on_your_profile', NULL, NULL),
(365, 'basics', NULL, NULL),
(366, 'add_your_twitter_link', NULL, NULL),
(367, 'add_your_facebook_link', NULL, NULL),
(368, 'add_your_linkedin_link', NULL, NULL),
(369, 'credentials', NULL, NULL),
(370, 'edit_your_account_settings', NULL, NULL),
(371, 'enter_current_password', NULL, NULL),
(372, 'enter_new_password', NULL, NULL),
(373, 're-type_your_password', NULL, NULL),
(374, 'save', NULL, NULL),
(375, 'update_user_photo', NULL, NULL),
(376, 'update_your_photo', NULL, NULL),
(377, 'upload_image', NULL, NULL),
(378, 'updated_successfully', NULL, NULL),
(379, 'invalid_login_credentials', NULL, NULL),
(380, 'blank_page', NULL, NULL),
(381, 'no_section_found', NULL, NULL),
(382, 'select_a_message_thread_to_read_it_here', NULL, NULL),
(383, 'send', NULL, NULL),
(384, 'type_your_message', NULL, NULL),
(385, 'date', NULL, NULL),
(386, 'total_price', NULL, NULL),
(387, 'payment_type', NULL, NULL),
(388, 'edit section', NULL, NULL),
(389, 'edit_section_form', NULL, NULL),
(390, 'reply_message', NULL, NULL),
(391, 'reply', NULL, NULL),
(392, 'log_in_to_your_account', NULL, NULL),
(393, 'no_result_found', NULL, NULL),
(394, 'enrollment', NULL, NULL),
(395, 'enroll_a_student', NULL, NULL),
(396, 'report', NULL, NULL),
(397, 'admin_revenue', NULL, NULL),
(398, 'instructor_revenue', NULL, NULL),
(399, 'instructor_settings', NULL, NULL),
(400, 'view_frontend', NULL, NULL),
(401, 'number_of_active_courses', NULL, NULL),
(402, 'number_of_pending_courses', NULL, NULL),
(403, 'all_instructor', NULL, NULL),
(404, 'active_courses', NULL, NULL),
(405, 'pending_courses', NULL, NULL),
(406, 'no_data_found', NULL, NULL),
(407, 'view_course_on_frontend', NULL, NULL),
(408, 'mark_as_pending', NULL, NULL),
(409, 'add category', NULL, NULL),
(410, 'add_categories', NULL, NULL),
(411, 'category_add_form', NULL, NULL),
(412, 'icon_picker', NULL, NULL),
(413, 'enroll a student', NULL, NULL),
(414, 'enrollment_form', NULL, NULL),
(415, 'admin revenue', NULL, NULL),
(416, 'total_amount', NULL, NULL),
(417, 'instructor revenue', NULL, NULL),
(418, 'status', NULL, NULL),
(419, 'instructor settings', NULL, NULL),
(420, 'allow_public_instructor', NULL, NULL),
(421, 'instructor_revenue_percentage', NULL, NULL),
(422, 'admin_revenue_percentage', NULL, NULL),
(423, 'update_instructor_settings', NULL, NULL),
(424, 'payment_info', NULL, NULL),
(425, 'required_for_instructors', NULL, NULL),
(426, 'paypal_client_id', NULL, NULL),
(427, 'stripe_public_key', NULL, NULL),
(428, 'stripe_secret_key', NULL, NULL),
(429, 'mark_as_active', NULL, NULL),
(430, 'mail_subject', NULL, NULL),
(431, 'mail_body', NULL, NULL),
(432, 'paid', NULL, NULL),
(433, 'pending', NULL, NULL),
(434, 'this_instructor_has_not_provided_valid_paypal_client_id', NULL, NULL),
(435, 'pay_with_paypal', NULL, NULL),
(436, 'this_instructor_has_not_provided_valid_public_key_or_secret_key', NULL, NULL),
(437, 'pay_with_stripe', NULL, NULL),
(438, 'create_course', NULL, NULL),
(439, 'payment_report', NULL, NULL),
(440, 'instructor_dashboard', NULL, NULL),
(441, 'draft', NULL, NULL),
(442, 'view_lessons', NULL, NULL),
(443, 'course_title', NULL, NULL),
(444, 'update_your_payment_settings', NULL, NULL),
(445, 'edit_course_detail', NULL, NULL),
(446, 'edit_basic_informations', NULL, NULL),
(447, 'publish_this_course', NULL, NULL),
(448, 'save_to_draft', NULL, NULL),
(449, 'update_section', NULL, NULL),
(450, 'analyzing_given_url', NULL, NULL),
(451, 'select_a_section', NULL, NULL),
(452, 'update_lesson', NULL, NULL),
(453, 'website_name', NULL, NULL),
(454, 'website_title', NULL, NULL),
(455, 'website_keywords', NULL, NULL),
(456, 'website_description', NULL, NULL),
(457, 'author', NULL, NULL),
(458, 'footer_text', NULL, NULL),
(459, 'footer_link', NULL, NULL),
(460, 'update_backend_logo', NULL, NULL),
(461, 'update_favicon', NULL, NULL),
(462, 'favicon', NULL, NULL),
(463, 'active courses', NULL, NULL),
(464, 'product_updated_successfully', NULL, NULL),
(465, 'course_overview_provider', NULL, NULL),
(466, 'youtube', NULL, NULL),
(467, 'vimeo', NULL, NULL),
(468, 'html5', NULL, NULL),
(469, 'meta_keywords', NULL, NULL),
(470, 'meta_description', NULL, NULL),
(471, 'lesson_type', NULL, NULL),
(472, 'video', NULL, NULL),
(473, 'select_type_of_lesson', NULL, NULL),
(474, 'text_file', NULL, NULL),
(475, 'pdf_file', NULL, NULL),
(476, 'document_file', NULL, NULL),
(477, 'image_file', NULL, NULL),
(478, 'lesson_provider', NULL, NULL),
(479, 'select_lesson_provider', NULL, NULL),
(480, 'analyzing_the_url', NULL, NULL),
(481, 'attachment', NULL, NULL),
(482, 'summary', NULL, NULL),
(483, 'download', NULL, NULL),
(484, 'system_settings_updated', NULL, NULL),
(485, 'course_updated_successfully', NULL, NULL),
(486, 'please_wait_untill_admin_approves_it', NULL, NULL),
(487, 'pending courses', NULL, NULL),
(488, 'course_status_updated', NULL, NULL),
(489, 'smtp_settings', NULL, NULL),
(490, 'free_course', NULL, NULL),
(491, 'free', NULL, NULL),
(492, 'get_enrolled', NULL, NULL),
(493, 'course_added_successfully', NULL, NULL),
(494, 'update_frontend_logo', NULL, NULL),
(495, 'system_currency_settings', NULL, NULL),
(496, 'select_system_currency', NULL, NULL),
(497, 'currency_position', NULL, NULL),
(498, 'left', NULL, NULL),
(499, 'right', NULL, NULL),
(500, 'left_with_a_space', NULL, NULL),
(501, 'right_with_a_space', NULL, NULL),
(502, 'paypal_currency', NULL, NULL),
(503, 'select_paypal_currency', NULL, NULL),
(504, 'stripe_currency', NULL, NULL),
(505, 'select_stripe_currency', NULL, NULL),
(506, 'heads_up', NULL, NULL),
(507, 'please_make_sure_that', NULL, NULL),
(508, 'system_currency', NULL, NULL),
(509, 'are_same', NULL, NULL),
(510, 'smtp settings', NULL, NULL),
(511, 'protocol', NULL, NULL),
(512, 'smtp_host', NULL, NULL),
(513, 'smtp_port', NULL, NULL),
(514, 'smtp_user', NULL, NULL),
(515, 'smtp_pass', NULL, NULL),
(516, 'update_smtp_settings', NULL, NULL),
(517, 'phrase_updated', NULL, NULL),
(518, 'registered_user', NULL, NULL),
(519, 'provide_your_valid_login_credentials', NULL, NULL),
(520, 'registration_form', NULL, NULL),
(521, 'provide_your_email_address_to_get_password', NULL, NULL),
(522, 'reset_password', NULL, NULL),
(523, 'want_to_go_back', NULL, NULL),
(524, 'message_sent!', NULL, NULL),
(525, 'selected_icon', NULL, NULL),
(526, 'pick_another_icon_picker', NULL, NULL),
(527, 'show_more', NULL, NULL),
(528, 'show_less', NULL, NULL),
(529, 'all_category', NULL, NULL),
(530, 'price_range', NULL, NULL),
(531, 'price_range_withing', NULL, NULL),
(532, 'all_categories', NULL, NULL),
(533, 'all_sub_category', NULL, NULL),
(534, 'number_of_results', NULL, NULL),
(535, 'showing_on_this_page', NULL, NULL),
(536, 'welcome', NULL, NULL),
(537, 'my_account', NULL, NULL),
(538, 'logout', NULL, NULL),
(539, 'visit_website', NULL, NULL),
(540, 'navigation', NULL, NULL),
(541, 'add_new_category', NULL, NULL),
(542, 'enrolment', NULL, NULL),
(543, 'enrol_history', NULL, NULL),
(544, 'enrol_a_student', NULL, NULL),
(545, 'language_settings', NULL, NULL),
(546, 'congratulations', NULL, NULL),
(547, 'oh_snap', NULL, NULL),
(548, 'close', NULL, NULL),
(549, 'parent', NULL, NULL),
(550, 'none', NULL, NULL),
(551, 'category_thumbnail', NULL, NULL),
(552, 'the_image_size_should_be', NULL, NULL),
(553, 'choose_thumbnail', NULL, NULL),
(554, 'data_added_successfully', NULL, NULL),
(555, '', NULL, NULL),
(556, 'update_category_form', NULL, NULL),
(557, 'student_list', NULL, NULL),
(558, 'choose_user_image', NULL, NULL),
(559, 'finish', NULL, NULL),
(560, 'thank_you', NULL, NULL),
(561, 'you_are_almost_there', NULL, NULL),
(562, 'you_are_just_one_click_away', NULL, NULL),
(563, 'country', NULL, NULL),
(564, 'website_settings', NULL, NULL),
(565, 'write_down_facebook_url', NULL, NULL),
(566, 'write_down_twitter_url', NULL, NULL),
(567, 'write_down_linkedin_url', NULL, NULL),
(568, 'google_link', NULL, NULL),
(569, 'write_down_google_url', NULL, NULL),
(570, 'instagram_link', NULL, NULL),
(571, 'write_down_instagram_url', NULL, NULL),
(572, 'pinterest_link', NULL, NULL),
(573, 'write_down_pinterest_url', NULL, NULL),
(574, 'update_settings', NULL, NULL),
(575, 'upload_banner_image', NULL, NULL),
(576, 'update_light_logo', NULL, NULL),
(577, 'upload_light_logo', NULL, NULL),
(578, 'update_dark_logo', NULL, NULL),
(579, 'upload_dark_logo', NULL, NULL),
(580, 'update_small_logo', NULL, NULL),
(581, 'upload_small_logo', NULL, NULL),
(582, 'upload_favicon', NULL, NULL),
(583, 'logo_updated', NULL, NULL),
(584, 'favicon_updated', NULL, NULL),
(585, 'banner_image_update', NULL, NULL),
(586, 'frontend_settings_updated', NULL, NULL),
(587, 'setup_payment_informations', NULL, NULL),
(588, 'update_system_currency', NULL, NULL),
(589, 'setup_paypal_settings', NULL, NULL),
(590, 'update_paypal_keys', NULL, NULL),
(591, 'setup_stripe_settings', NULL, NULL),
(592, 'test_mode', NULL, NULL),
(593, 'update_stripe_keys', NULL, NULL);

-- --------------------------------------------------------

--
-- Table structure for table `lesson`
--

CREATE TABLE `lesson` (
  `id` int(11) UNSIGNED NOT NULL,
  `title` varchar(255) COLLATE utf8_unicode_ci DEFAULT NULL,
  `duration` varchar(255) COLLATE utf8_unicode_ci DEFAULT NULL,
  `course_id` int(11) DEFAULT NULL,
  `section_id` int(11) DEFAULT NULL,
  `video_type` varchar(255) COLLATE utf8_unicode_ci DEFAULT NULL,
  `video_url` varchar(255) COLLATE utf8_unicode_ci DEFAULT NULL,
  `date_added` int(11) DEFAULT NULL,
  `last_modified` int(11) DEFAULT NULL,
  `lesson_type` varchar(255) COLLATE utf8_unicode_ci DEFAULT NULL,
  `attachment` varchar(255) COLLATE utf8_unicode_ci DEFAULT NULL,
  `attachment_type` varchar(255) COLLATE utf8_unicode_ci DEFAULT NULL,
  `summary` longtext COLLATE utf8_unicode_ci DEFAULT NULL,
  `order` int(11) NOT NULL DEFAULT 0
) ENGINE=InnoDB DEFAULT CHARSET=utf8 COLLATE=utf8_unicode_ci;

--
-- Dumping data for table `lesson`
--

INSERT INTO `lesson` (`id`, `title`, `duration`, `course_id`, `section_id`, `video_type`, `video_url`, `date_added`, `last_modified`, `lesson_type`, `attachment`, `attachment_type`, `summary`, `order`) VALUES
(1, 'Communication Skils', NULL, 1, 1, NULL, NULL, 1579561200, NULL, 'other', 'e9223505d94664cdb9d8f7140c88c583.pdf', 'doc', '', 0),
(2, 'Communication Skils 2', NULL, 1, 1, NULL, NULL, 1579561200, NULL, 'other', 'ea8a2b5e919655ce182c0f5da9e2ab28.pdf', 'pdf', '', 0),
(3, 'Lesson 1', NULL, 2, 3, NULL, NULL, 1584982800, NULL, 'other', '82b87c6b9b3afa20698d30ac80893d2e.database_changes', 'txt', 'Please see database changes', 0),
(4, 'ada dads', NULL, 2, 3, NULL, NULL, 1584982800, NULL, 'other', '6da9dbdebe2f3a2b447c732cac9261ee.pdf', 'pdf', 'asdasd', 0),
(5, 'asdsadsadasd', NULL, 3, 4, NULL, NULL, 1585155600, NULL, 'other', '2ff84e78aceb6366c06ca6058ac62d19.png', 'img', 'sadasd', 0),
(6, 'quiz 1', '00:00:00', 3, 5, NULL, NULL, 1585155600, NULL, 'quiz', NULL, NULL, 'adasdas', 0),
(7, 'soajdajsodij', '00:00:00', 2, 3, NULL, NULL, 1586019600, NULL, 'quiz', NULL, NULL, 'asjdoia jdojasp djpasj das', 0),
(8, 'dsadasdasdasd', NULL, 2, 3, NULL, NULL, 1586019600, NULL, 'other', 'd09a2431ec6781437efe0811a9e58322.pdf', 'txt', 'dasssssssssssssssssssssssssssssssssssssssssss', 0),
(9, 'sadasdas', '00:11:24', 2, 3, 'YouTube', 'https://www.youtube.com/watch?v=eDesN2T-q7o', 1586019600, NULL, 'video', NULL, 'url', 'asdasd', 0),
(10, 'aSADSAD', '00:00:00', 3, 4, NULL, NULL, 1587056400, NULL, 'quiz', NULL, NULL, 'SDASD', 0);

-- --------------------------------------------------------

--
-- Table structure for table `message`
--

CREATE TABLE `message` (
  `message_id` int(11) NOT NULL,
  `message_thread_code` longtext DEFAULT NULL,
  `message` longtext DEFAULT NULL,
  `sender` longtext DEFAULT NULL,
  `timestamp` longtext DEFAULT NULL,
  `read_status` int(11) DEFAULT NULL
) ENGINE=MyISAM DEFAULT CHARSET=latin1;

--
-- Dumping data for table `message`
--

INSERT INTO `message` (`message_id`, `message_thread_code`, `message`, `sender`, `timestamp`, `read_status`) VALUES
(1, '37c14ad5d7f0409', 'sadas dasd a', '1', '1582345004', NULL),
(2, 'e1c03b8644822c8', 'dasasd', '1', '1582345014', NULL);

-- --------------------------------------------------------

--
-- Table structure for table `message_thread`
--

CREATE TABLE `message_thread` (
  `message_thread_id` int(11) NOT NULL,
  `message_thread_code` longtext COLLATE utf8_unicode_ci DEFAULT NULL,
  `sender` varchar(255) COLLATE utf8_unicode_ci DEFAULT '',
  `receiver` varchar(255) COLLATE utf8_unicode_ci DEFAULT '',
  `last_message_timestamp` longtext COLLATE utf8_unicode_ci DEFAULT NULL
) ENGINE=InnoDB DEFAULT CHARSET=utf8 COLLATE=utf8_unicode_ci;

--
-- Dumping data for table `message_thread`
--

INSERT INTO `message_thread` (`message_thread_id`, `message_thread_code`, `sender`, `receiver`, `last_message_timestamp`) VALUES
(1, '37c14ad5d7f0409', '1', '2', NULL),
(2, 'e1c03b8644822c8', '1', '3', NULL);

-- --------------------------------------------------------

--
-- Table structure for table `payment`
--

CREATE TABLE `payment` (
  `id` int(11) UNSIGNED NOT NULL,
  `user_id` int(11) DEFAULT NULL,
  `payment_type` varchar(50) COLLATE utf8_unicode_ci DEFAULT NULL,
  `course_id` int(11) DEFAULT NULL,
  `amount` double DEFAULT NULL,
  `date_added` int(11) DEFAULT NULL,
  `last_modified` int(11) DEFAULT NULL,
  `admin_revenue` varchar(255) COLLATE utf8_unicode_ci DEFAULT NULL,
  `instructor_revenue` varchar(255) COLLATE utf8_unicode_ci DEFAULT NULL,
  `instructor_payment_status` int(11) DEFAULT 0
) ENGINE=InnoDB DEFAULT CHARSET=utf8 COLLATE=utf8_unicode_ci;

-- --------------------------------------------------------

--
-- Table structure for table `question`
--

CREATE TABLE `question` (
  `id` int(11) UNSIGNED NOT NULL,
  `quiz_id` int(11) DEFAULT NULL,
  `title` longtext COLLATE utf8_unicode_ci DEFAULT NULL,
  `type` varchar(255) COLLATE utf8_unicode_ci DEFAULT NULL,
  `number_of_options` int(11) DEFAULT NULL,
  `options` longtext COLLATE utf8_unicode_ci DEFAULT NULL,
  `correct_answers` longtext COLLATE utf8_unicode_ci DEFAULT NULL,
  `order` int(11) NOT NULL DEFAULT 0
) ENGINE=InnoDB DEFAULT CHARSET=utf8 COLLATE=utf8_unicode_ci;

--
-- Dumping data for table `question`
--

INSERT INTO `question` (`id`, `quiz_id`, `title`, `type`, `number_of_options`, `options`, `correct_answers`, `order`) VALUES
(1, 6, 'siapa nama saya', 'multiple_choice', 2, '[\"arif\",\"bara\"]', '[\"1\"]', 0),
(2, 6, 'Versi php terbaru', 'multiple_choice', 4, '[\"1\",\"2\",\"3\",\"8\"]', '[\"4\"]', 0),
(3, 7, 'sdjoajdoajsdoiajsoi', 'multiple_choice', 2, '[\"asdjoajsdoa\",\"doasdoij\"]', '[\"1\"]', 0),
(4, 7, 'dkpaokd papd ap ', 'multiple_choice', 2, '[\"dsad\",\"sdas\"]', '[\"2\"]', 0);

-- --------------------------------------------------------

--
-- Table structure for table `quiz_history`
--

CREATE TABLE `quiz_history` (
  `id` int(11) NOT NULL,
  `user_id` int(11) NOT NULL,
  `quiz_id` int(11) NOT NULL,
  `question_id` int(11) NOT NULL,
  `submitted_answer_status` tinyint(1) NOT NULL,
  `submitted_answers` varchar(200) NOT NULL,
  `correct_answers` varchar(200) NOT NULL
) ENGINE=InnoDB DEFAULT CHARSET=utf8mb4;

--
-- Dumping data for table `quiz_history`
--

INSERT INTO `quiz_history` (`id`, `user_id`, `quiz_id`, `question_id`, `submitted_answer_status`, `submitted_answers`, `correct_answers`) VALUES
(51, 3, 3, 1, 1, '[\"2\"]', '[\"2\"]'),
(52, 3, 3, 2, 1, '[\"3\"]', '[\"3\"]'),
(53, 3, 3, 3, 0, '[\"2\"]', '[\"1\"]'),
(54, 3, 3, 4, 0, '[\"2\"]', '[\"1\"]'),
(55, 3, 3, 5, 1, '[\"1\"]', '[\"1\"]'),
(56, 3, 4, 6, 1, '[\"1\"]', '[\"1\"]'),
(57, 3, 4, 7, 1, '[\"1\"]', '[\"1\"]'),
(58, 4, 6, 1, 1, '[\"1\"]', '[\"1\"]'),
(59, 4, 6, 2, 1, '[\"4\"]', '[\"4\"]'),
(60, 9, 6, 1, 1, '[\"1\"]', '[\"1\"]'),
(61, 9, 6, 2, 0, '[\"2\"]', '[\"4\"]');

-- --------------------------------------------------------

--
-- Table structure for table `rating`
--

CREATE TABLE `rating` (
  `id` int(11) UNSIGNED NOT NULL,
  `rating` double DEFAULT NULL,
  `user_id` int(11) DEFAULT NULL,
  `ratable_id` int(11) DEFAULT NULL,
  `ratable_type` varchar(50) COLLATE utf8_unicode_ci DEFAULT NULL,
  `date_added` int(11) DEFAULT NULL,
  `last_modified` int(11) DEFAULT NULL,
  `review` longtext COLLATE utf8_unicode_ci DEFAULT NULL
) ENGINE=InnoDB DEFAULT CHARSET=utf8 COLLATE=utf8_unicode_ci;

-- --------------------------------------------------------

--
-- Table structure for table `role`
--

CREATE TABLE `role` (
  `id` int(11) UNSIGNED NOT NULL,
  `name` varchar(255) COLLATE utf8_unicode_ci DEFAULT NULL,
  `date_added` int(11) DEFAULT NULL,
  `last_modified` int(11) DEFAULT NULL
) ENGINE=InnoDB DEFAULT CHARSET=utf8 COLLATE=utf8_unicode_ci;

--
-- Dumping data for table `role`
--

INSERT INTO `role` (`id`, `name`, `date_added`, `last_modified`) VALUES
(1, 'Admin', 1234567890, 1234567890),
(2, 'User', 1234567890, 1234567890);

-- --------------------------------------------------------

--
-- Table structure for table `section`
--

CREATE TABLE `section` (
  `id` int(11) NOT NULL,
  `title` varchar(255) COLLATE utf8_unicode_ci DEFAULT NULL,
  `course_id` int(11) DEFAULT NULL,
  `order` int(11) NOT NULL DEFAULT 0
) ENGINE=InnoDB DEFAULT CHARSET=utf8 COLLATE=utf8_unicode_ci;

--
-- Dumping data for table `section`
--

INSERT INTO `section` (`id`, `title`, `course_id`, `order`) VALUES
(1, 'Communication Skils', 1, 0),
(2, 'Communication Skils', 0, 0),
(3, 'Part 1', 2, 0),
(4, 'Section one', 3, 0),
(5, 'Quiz Secqion', 3, 0),
(6, 'weqwe', 5, 0);

-- --------------------------------------------------------

--
-- Table structure for table `settings`
--

CREATE TABLE `settings` (
  `id` int(11) UNSIGNED NOT NULL,
  `key` varchar(255) COLLATE utf8_unicode_ci DEFAULT NULL,
  `value` longtext COLLATE utf8_unicode_ci DEFAULT NULL
) ENGINE=InnoDB DEFAULT CHARSET=utf8 COLLATE=utf8_unicode_ci;

--
-- Dumping data for table `settings`
--

INSERT INTO `settings` (`id`, `key`, `value`) VALUES
(1, 'language', 'english'),
(2, 'system_name', 'learning'),
(3, 'system_title', 'E-Knowledge Management'),
(4, 'system_email', 'aditya.noormansyah@intra.tunasgroup.com'),
(5, 'address', 'Jl. Raya Pasar Minggu No.7, Jakarta Selatan 12740'),
(6, 'phone', '085893999183'),
(7, 'purchase_code', 'your-purchase-code'),
(8, 'paypal', '[{\"active\":\"1\",\"mode\":\"sandbox\",\"sandbox_client_id\":\"AZDxjDScFpQtjWTOUtWKbyN_bDt4OgqaF4eYXlewfBP4-8aqX3PiV8e1GWU6liB2CUXlkA59kJXE7M6R\",\"production_client_id\":\"1234\"}]'),
(9, 'stripe_keys', '[{\"active\":\"1\",\"testmode\":\"on\",\"public_key\":\"pk_test_c6VvBEbwHFdulFZ62q1IQrar\",\"secret_key\":\"sk_test_9IMkiM6Ykxr1LCe2dJ3PgaxS\",\"public_live_key\":\"pk_live_xxxxxxxxxxxxxxxxxxxxxxxx\",\"secret_live_key\":\"sk_live_xxxxxxxxxxxxxxxxxxxxxxxx\"}]'),
(10, 'youtube_api_key', 'AIzaSyA5n158VqnyFoMWd1MAiNdd4nqVOjz6TuI'),
(11, 'vimeo_api_key', '39258384b69994dba483c10286825b5c'),
(12, 'slogan', 'E-Knowledge Management Tunas Group'),
(13, 'text_align', NULL),
(14, 'allow_instructor', '1'),
(15, 'instructor_revenue', '64'),
(16, 'system_currency', 'USD'),
(17, 'paypal_currency', 'USD'),
(18, 'stripe_currency', 'USD'),
(19, 'author', 'Tunas group'),
(20, 'currency_position', 'left'),
(21, 'website_description', 'E-Knowledge Management '),
(22, 'website_keywords', ''),
(23, 'footer_text', NULL),
(24, 'footer_link', 'tunasgroup.com'),
(25, 'protocol', 'smtp'),
(26, 'smtp_host', 'ssl://smtp.googlemail.com'),
(27, 'smtp_port', '465'),
(28, 'smtp_user', ''),
(29, 'smtp_pass', ''),
(30, 'version', '2.4'),
(31, 'student_email_verification', 'disable');

-- --------------------------------------------------------

--
-- Table structure for table `tag`
--

CREATE TABLE `tag` (
  `id` int(11) UNSIGNED NOT NULL,
  `tag` varchar(255) COLLATE utf8_unicode_ci DEFAULT NULL,
  `tagable_id` int(11) DEFAULT NULL,
  `tagable_type` varchar(255) COLLATE utf8_unicode_ci DEFAULT NULL,
  `date_added` int(11) DEFAULT NULL,
  `last_modified` int(11) DEFAULT NULL
) ENGINE=InnoDB DEFAULT CHARSET=utf8 COLLATE=utf8_unicode_ci;

-- --------------------------------------------------------

--
-- Table structure for table `take_lesson`
--

CREATE TABLE `take_lesson` (
  `id` int(11) NOT NULL,
  `id_lesson` int(11) NOT NULL,
  `id_user` int(11) NOT NULL,
  `take_lesson` tinyint(1) NOT NULL,
  `correct_answer` int(11) DEFAULT NULL,
  `total_questions` int(11) DEFAULT NULL
) ENGINE=InnoDB DEFAULT CHARSET=utf8mb4;

--
-- Dumping data for table `take_lesson`
--

INSERT INTO `take_lesson` (`id`, `id_lesson`, `id_user`, `take_lesson`, `correct_answer`, `total_questions`) VALUES
(3, 3, 3, 1, 3, 5),
(4, 4, 3, 1, 2, 2),
(5, 6, 4, 1, 2, 2);

-- --------------------------------------------------------

--
-- Table structure for table `training`
--

CREATE TABLE `training` (
  `id` int(11) NOT NULL,
  `title` longtext NOT NULL,
  `description` longtext NOT NULL,
  `goals` longtext NOT NULL,
  `date` timestamp NOT NULL DEFAULT current_timestamp() ON UPDATE current_timestamp(),
  `max_participant` int(10) UNSIGNED NOT NULL,
  `thumbnail` longtext NOT NULL,
  `id_category` int(11) UNSIGNED NOT NULL,
  `gallery` longtext DEFAULT NULL,
  `created_at` timestamp NOT NULL DEFAULT current_timestamp(),
  `updated_at` timestamp NOT NULL DEFAULT current_timestamp()
) ENGINE=InnoDB DEFAULT CHARSET=utf8mb4;

--
-- Dumping data for table `training`
--

INSERT INTO `training` (`id`, `title`, `description`, `goals`, `date`, `max_participant`, `thumbnail`, `id_category`, `gallery`, `created_at`, `updated_at`) VALUES
(1, 'SEO CON 2020', 'SEOCon 2020 digelar dengan upgrade yang jauh lebih besar sebanyak 3.000 audiens dan skala yang memcakup Asia Tenggara. Mengusung tema One day conference dan one day free workshop,  SEOCon 2020 mendatangkan para pakar SEO dari dalam dan luar negeri yang antara lain Neil Patel (salah satu pakar SEO terbaik), Jono Alderson dari Yoast, Jon Earnshaw dari Pi Datametrics, hingga Fabian Lim yang merupakan pakar SEO terkenal.', '&lt;p&gt;SEOCon 2020 ada konferensi lanjutan acara tahunan yang sebelumnya pertama kali diadakan pada Maret 2019 dengan mendatangkan lebih dari 450 audiens.&lt;/p&gt;\r\n\r\n&lt;p&gt;SEOCon 2020 digelar dengan upgrade yang jauh lebih besar sebanyak 3.000 audiens dan skala yang memcakup Asia Tenggara. Mengusung tema One day conference dan one day free workshop,  SEOCon 2020 mendatangkan para pakar SEO dari dalam dan luar negeri yang antara lain Neil Patel (salah satu pakar SEO terbaik), Jono Alderson dari Yoast, Jon Earnshaw dari Pi Datametrics, hingga Fabian Lim yang merupakan pakar SEO terkenal.&lt;/p&gt;\r\n\r\n&lt;p&gt;Tidak hanya itu, SEOCON 2020 juga akan turut diramaikan oleh JC Carlos, Head SEO Traveloka; Reza Putra, SEO Lead Tokopedia; serta Ryan Kristo Muljono, pencetus SEOCON dan pendiri ToffeeDev serta lebih dari 10 pakar SEO lain nya yang turut mengisi workshop pada hari kedua.&lt;/p&gt;\r\n\r\n&lt;p&gt;&lt;br&gt;\r\n &lt;/p&gt;\r\n\r\n&lt;p&gt; &lt;/p&gt;\r\n\r\n&lt;p&gt;&lt;strong&gt;SYARAT &amp; KETENTUAN&lt;/strong&gt;&lt;/p&gt;\r\n\r\n&lt;ol&gt;\r\n &lt;li&gt;Tiket secara resmi hanya dijual melalui Loket.com dan gotix.&lt;/li&gt;\r\n &lt;li&gt;Barcode pada tiket ini digunakan sebagai akses masuk.&lt;/li&gt;\r\n &lt;li&gt;1 e-ticket/e-voucher (1 barcode) berlaku untuk 1 orang.&lt;/li&gt;\r\n &lt;li&gt;Barcode bersifat rahasia, tidak boleh rusak dan disebarluaskan kepada siapapun dan ke manapun sampai Anda berhasil masuk ke dalam venue konser.&lt;/li&gt;\r\n &lt;li&gt;Pihak penyelenggara tidak bertanggung jawab apabila e-ticket/e-voucher hilang.&lt;/li&gt;\r\n &lt;li&gt;Barcode yang sudah digunakan oleh orang lai&lt;/li&gt;\r\n&lt;/ol&gt;\r\n', '2020-03-19 17:00:00', 21, 'seocon2020.jpg', 1, NULL, '2020-03-19 10:32:55', '2020-03-19 10:32:55'),
(2, 'Besok Gajian', 'A cookie associated with a cross-site resource at http://ckeditor.com/ was set without the `SameSite` attribute. It has been blocked, as Chrome now only delivers cookies with cross-site requests if they are set with `SameSite=None` and `Secure`. You can review cookies in ', '&lt;p&gt;A cookie associated with a cross-site resource at http://ckeditor.com/ was set without the `SameSite` attribute. It has been blocked, as Chrome now only delivers cookies with cross-site requests if they are set with `SameSite=None` and `Secure`. You can review cookies in A cookie associated with a cross-site resource at http://ckeditor.com/ was set without the `SameSite` attribute. It has been blocked, as Chrome now only delivers cookies with cross-site requests if they are set with `SameSite=None` and `Secure`. You can review cookies in A cookie associated with a cross-site resource at http://ckeditor.com/ was set without the `SameSite` attribute. It has been blocked, as Chrome now only delivers cookies with cross-site requests if they are set with `SameSite=None` and `Secure`. You can review cookies in &lt;/p&gt;\r\n', '2020-03-23 17:00:00', 25, 'besokgajian.jpg', 1, NULL, '2020-03-19 10:51:17', '2020-03-19 10:51:17'),
(3, 'Besok Gajian', 'A cookie associated with a cross-site resource at http://ckeditor.com/ was set without the `SameSite` attribute. It has been blocked, as Chrome now only delivers cookies with cross-site requests if they are set with `SameSite=None` and `Secure`. You can review cookies in ', '&lt;p&gt;A cookie associated with a cross-site resource at http://ckeditor.com/ was set without the `SameSite` attribute. It has been blocked, as Chrome now only delivers cookies with cross-site requests if they are set with `SameSite=None` and `Secure`. You can review cookies in A cookie associated with a cross-site resource at http://ckeditor.com/ was set without the `SameSite` attribute. It has been blocked, as Chrome now only delivers cookies with cross-site requests if they are set with `SameSite=None` and `Secure`. You can review cookies in A cookie associated with a cross-site resource at http://ckeditor.com/ was set without the `SameSite` attribute. It has been blocked, as Chrome now only delivers cookies with cross-site requests if they are set with `SameSite=None` and `Secure`. You can review cookies in &lt;/p&gt;\r\n', '2020-04-23 17:00:00', 25, 'besokgajian.jpg', 1, NULL, '2020-03-19 10:51:17', '2020-03-19 10:51:17'),
(4, 'SEO CON 2020', 'SEOCon 2020 digelar dengan upgrade yang jauh lebih besar sebanyak 3.000 audiens dan skala yang memcakup Asia Tenggara. Mengusung tema One day conference dan one day free workshop,  SEOCon 2020 mendatangkan para pakar SEO dari dalam dan luar negeri yang antara lain Neil Patel (salah satu pakar SEO terbaik), Jono Alderson dari Yoast, Jon Earnshaw dari Pi Datametrics, hingga Fabian Lim yang merupakan pakar SEO terkenal.', '&lt;p&gt;SEOCon 2020 ada konferensi lanjutan acara tahunan yang sebelumnya pertama kali diadakan pada Maret 2019 dengan mendatangkan lebih dari 450 audiens.&lt;/p&gt;\r\n\r\n&lt;p&gt;SEOCon 2020 digelar dengan upgrade yang jauh lebih besar sebanyak 3.000 audiens dan skala yang memcakup Asia Tenggara. Mengusung tema One day conference dan one day free workshop,  SEOCon 2020 mendatangkan para pakar SEO dari dalam dan luar negeri yang antara lain Neil Patel (salah satu pakar SEO terbaik), Jono Alderson dari Yoast, Jon Earnshaw dari Pi Datametrics, hingga Fabian Lim yang merupakan pakar SEO terkenal.&lt;/p&gt;\r\n\r\n&lt;p&gt;Tidak hanya itu, SEOCON 2020 juga akan turut diramaikan oleh JC Carlos, Head SEO Traveloka; Reza Putra, SEO Lead Tokopedia; serta Ryan Kristo Muljono, pencetus SEOCON dan pendiri ToffeeDev serta lebih dari 10 pakar SEO lain nya yang turut mengisi workshop pada hari kedua.&lt;/p&gt;\r\n\r\n&lt;p&gt;&lt;br&gt;\r\n &lt;/p&gt;\r\n\r\n&lt;p&gt; &lt;/p&gt;\r\n\r\n&lt;p&gt;&lt;strong&gt;SYARAT &amp; KETENTUAN&lt;/strong&gt;&lt;/p&gt;\r\n\r\n&lt;ol&gt;\r\n &lt;li&gt;Tiket secara resmi hanya dijual melalui Loket.com dan gotix.&lt;/li&gt;\r\n &lt;li&gt;Barcode pada tiket ini digunakan sebagai akses masuk.&lt;/li&gt;\r\n &lt;li&gt;1 e-ticket/e-voucher (1 barcode) berlaku untuk 1 orang.&lt;/li&gt;\r\n &lt;li&gt;Barcode bersifat rahasia, tidak boleh rusak dan disebarluaskan kepada siapapun dan ke manapun sampai Anda berhasil masuk ke dalam venue konser.&lt;/li&gt;\r\n &lt;li&gt;Pihak penyelenggara tidak bertanggung jawab apabila e-ticket/e-voucher hilang.&lt;/li&gt;\r\n &lt;li&gt;Barcode yang sudah digunakan oleh orang lai&lt;/li&gt;\r\n&lt;/ol&gt;\r\n', '2020-04-08 17:00:00', 21, 'seocon2020.jpg', 1, NULL, '2020-03-19 10:32:55', '2020-03-19 10:32:55'),
(5, 'SEO CON 2020', 'SEOCon 2020 digelar dengan upgrade yang jauh lebih besar sebanyak 3.000 audiens dan skala yang memcakup Asia Tenggara. Mengusung tema One day conference dan one day free workshop,  SEOCon 2020 mendatangkan para pakar SEO dari dalam dan luar negeri yang antara lain Neil Patel (salah satu pakar SEO terbaik), Jono Alderson dari Yoast, Jon Earnshaw dari Pi Datametrics, hingga Fabian Lim yang merupakan pakar SEO terkenal.', '&lt;p&gt;SEOCon 2020 ada konferensi lanjutan acara tahunan yang sebelumnya pertama kali diadakan pada Maret 2019 dengan mendatangkan lebih dari 450 audiens.&lt;/p&gt;\r\n\r\n&lt;p&gt;SEOCon 2020 digelar dengan upgrade yang jauh lebih besar sebanyak 3.000 audiens dan skala yang memcakup Asia Tenggara. Mengusung tema One day conference dan one day free workshop,  SEOCon 2020 mendatangkan para pakar SEO dari dalam dan luar negeri yang antara lain Neil Patel (salah satu pakar SEO terbaik), Jono Alderson dari Yoast, Jon Earnshaw dari Pi Datametrics, hingga Fabian Lim yang merupakan pakar SEO terkenal.&lt;/p&gt;\r\n\r\n&lt;p&gt;Tidak hanya itu, SEOCON 2020 juga akan turut diramaikan oleh JC Carlos, Head SEO Traveloka; Reza Putra, SEO Lead Tokopedia; serta Ryan Kristo Muljono, pencetus SEOCON dan pendiri ToffeeDev serta lebih dari 10 pakar SEO lain nya yang turut mengisi workshop pada hari kedua.&lt;/p&gt;\r\n\r\n&lt;p&gt;&lt;br&gt;\r\n &lt;/p&gt;\r\n\r\n&lt;p&gt; &lt;/p&gt;\r\n\r\n&lt;p&gt;&lt;strong&gt;SYARAT &amp; KETENTUAN&lt;/strong&gt;&lt;/p&gt;\r\n\r\n&lt;ol&gt;\r\n &lt;li&gt;Tiket secara resmi hanya dijual melalui Loket.com dan gotix.&lt;/li&gt;\r\n &lt;li&gt;Barcode pada tiket ini digunakan sebagai akses masuk.&lt;/li&gt;\r\n &lt;li&gt;1 e-ticket/e-voucher (1 barcode) berlaku untuk 1 orang.&lt;/li&gt;\r\n &lt;li&gt;Barcode bersifat rahasia, tidak boleh rusak dan disebarluaskan kepada siapapun dan ke manapun sampai Anda berhasil masuk ke dalam venue konser.&lt;/li&gt;\r\n &lt;li&gt;Pihak penyelenggara tidak bertanggung jawab apabila e-ticket/e-voucher hilang.&lt;/li&gt;\r\n &lt;li&gt;Barcode yang sudah digunakan oleh orang lai&lt;/li&gt;\r\n&lt;/ol&gt;\r\n', '2020-03-19 17:00:00', 21, 'seocon2020.jpg', 1, NULL, '2020-03-19 10:32:55', '2020-03-19 10:32:55'),
(6, 'Besok Gajian', 'A cookie associated with a cross-site resource at http://ckeditor.com/ was set without the `SameSite` attribute. It has been blocked, as Chrome now only delivers cookies with cross-site requests if they are set with `SameSite=None` and `Secure`. You can review cookies in ', '&lt;p&gt;A cookie associated with a cross-site resource at http://ckeditor.com/ was set without the `SameSite` attribute. It has been blocked, as Chrome now only delivers cookies with cross-site requests if they are set with `SameSite=None` and `Secure`. You can review cookies in A cookie associated with a cross-site resource at http://ckeditor.com/ was set without the `SameSite` attribute. It has been blocked, as Chrome now only delivers cookies with cross-site requests if they are set with `SameSite=None` and `Secure`. You can review cookies in A cookie associated with a cross-site resource at http://ckeditor.com/ was set without the `SameSite` attribute. It has been blocked, as Chrome now only delivers cookies with cross-site requests if they are set with `SameSite=None` and `Secure`. You can review cookies in &lt;/p&gt;\r\n', '2020-03-23 17:00:00', 25, 'besokgajian.jpg', 1, NULL, '2020-03-19 10:51:17', '2020-03-19 10:51:17'),
(7, 'Besok Gajian', 'A cookie associated with a cross-site resource at http://ckeditor.com/ was set without the `SameSite` attribute. It has been blocked, as Chrome now only delivers cookies with cross-site requests if they are set with `SameSite=None` and `Secure`. You can review cookies in ', '&lt;p&gt;A cookie associated with a cross-site resource at http://ckeditor.com/ was set without the `SameSite` attribute. It has been blocked, as Chrome now only delivers cookies with cross-site requests if they are set with `SameSite=None` and `Secure`. You can review cookies in A cookie associated with a cross-site resource at http://ckeditor.com/ was set without the `SameSite` attribute. It has been blocked, as Chrome now only delivers cookies with cross-site requests if they are set with `SameSite=None` and `Secure`. You can review cookies in A cookie associated with a cross-site resource at http://ckeditor.com/ was set without the `SameSite` attribute. It has been blocked, as Chrome now only delivers cookies with cross-site requests if they are set with `SameSite=None` and `Secure`. You can review cookies in &lt;/p&gt;\r\n', '2020-04-23 17:00:00', 25, 'besokgajian.jpg', 1, NULL, '2020-03-19 10:51:17', '2020-03-19 10:51:17'),
(8, 'SEO CON 2020', 'SEOCon 2020 digelar dengan upgrade yang jauh lebih besar sebanyak 3.000 audiens dan skala yang memcakup Asia Tenggara. Mengusung tema One day conference dan one day free workshop,  SEOCon 2020 mendatangkan para pakar SEO dari dalam dan luar negeri yang antara lain Neil Patel (salah satu pakar SEO terbaik), Jono Alderson dari Yoast, Jon Earnshaw dari Pi Datametrics, hingga Fabian Lim yang merupakan pakar SEO terkenal.', '&lt;p&gt;SEOCon 2020 ada konferensi lanjutan acara tahunan yang sebelumnya pertama kali diadakan pada Maret 2019 dengan mendatangkan lebih dari 450 audiens.&lt;/p&gt;\r\n\r\n&lt;p&gt;SEOCon 2020 digelar dengan upgrade yang jauh lebih besar sebanyak 3.000 audiens dan skala yang memcakup Asia Tenggara. Mengusung tema One day conference dan one day free workshop,  SEOCon 2020 mendatangkan para pakar SEO dari dalam dan luar negeri yang antara lain Neil Patel (salah satu pakar SEO terbaik), Jono Alderson dari Yoast, Jon Earnshaw dari Pi Datametrics, hingga Fabian Lim yang merupakan pakar SEO terkenal.&lt;/p&gt;\r\n\r\n&lt;p&gt;Tidak hanya itu, SEOCON 2020 juga akan turut diramaikan oleh JC Carlos, Head SEO Traveloka; Reza Putra, SEO Lead Tokopedia; serta Ryan Kristo Muljono, pencetus SEOCON dan pendiri ToffeeDev serta lebih dari 10 pakar SEO lain nya yang turut mengisi workshop pada hari kedua.&lt;/p&gt;\r\n\r\n&lt;p&gt;&lt;br&gt;\r\n &lt;/p&gt;\r\n\r\n&lt;p&gt; &lt;/p&gt;\r\n\r\n&lt;p&gt;&lt;strong&gt;SYARAT &amp; KETENTUAN&lt;/strong&gt;&lt;/p&gt;\r\n\r\n&lt;ol&gt;\r\n &lt;li&gt;Tiket secara resmi hanya dijual melalui Loket.com dan gotix.&lt;/li&gt;\r\n &lt;li&gt;Barcode pada tiket ini digunakan sebagai akses masuk.&lt;/li&gt;\r\n &lt;li&gt;1 e-ticket/e-voucher (1 barcode) berlaku untuk 1 orang.&lt;/li&gt;\r\n &lt;li&gt;Barcode bersifat rahasia, tidak boleh rusak dan disebarluaskan kepada siapapun dan ke manapun sampai Anda berhasil masuk ke dalam venue konser.&lt;/li&gt;\r\n &lt;li&gt;Pihak penyelenggara tidak bertanggung jawab apabila e-ticket/e-voucher hilang.&lt;/li&gt;\r\n &lt;li&gt;Barcode yang sudah digunakan oleh orang lai&lt;/li&gt;\r\n&lt;/ol&gt;\r\n', '2020-04-08 17:00:00', 21, 'seocon2020.jpg', 1, NULL, '2020-03-19 10:32:55', '2020-03-19 10:32:55'),
(9, 'SEO CON 2020', 'SEOCon 2020 digelar dengan upgrade yang jauh lebih besar sebanyak 3.000 audiens dan skala yang memcakup Asia Tenggara. Mengusung tema One day conference dan one day free workshop,  SEOCon 2020 mendatangkan para pakar SEO dari dalam dan luar negeri yang antara lain Neil Patel (salah satu pakar SEO terbaik), Jono Alderson dari Yoast, Jon Earnshaw dari Pi Datametrics, hingga Fabian Lim yang merupakan pakar SEO terkenal.', '&lt;p&gt;SEOCon 2020 ada konferensi lanjutan acara tahunan yang sebelumnya pertama kali diadakan pada Maret 2019 dengan mendatangkan lebih dari 450 audiens.&lt;/p&gt;\r\n\r\n&lt;p&gt;SEOCon 2020 digelar dengan upgrade yang jauh lebih besar sebanyak 3.000 audiens dan skala yang memcakup Asia Tenggara. Mengusung tema One day conference dan one day free workshop,  SEOCon 2020 mendatangkan para pakar SEO dari dalam dan luar negeri yang antara lain Neil Patel (salah satu pakar SEO terbaik), Jono Alderson dari Yoast, Jon Earnshaw dari Pi Datametrics, hingga Fabian Lim yang merupakan pakar SEO terkenal.&lt;/p&gt;\r\n\r\n&lt;p&gt;Tidak hanya itu, SEOCON 2020 juga akan turut diramaikan oleh JC Carlos, Head SEO Traveloka; Reza Putra, SEO Lead Tokopedia; serta Ryan Kristo Muljono, pencetus SEOCON dan pendiri ToffeeDev serta lebih dari 10 pakar SEO lain nya yang turut mengisi workshop pada hari kedua.&lt;/p&gt;\r\n\r\n&lt;p&gt;&lt;br&gt;\r\n &lt;/p&gt;\r\n\r\n&lt;p&gt; &lt;/p&gt;\r\n\r\n&lt;p&gt;&lt;strong&gt;SYARAT &amp; KETENTUAN&lt;/strong&gt;&lt;/p&gt;\r\n\r\n&lt;ol&gt;\r\n &lt;li&gt;Tiket secara resmi hanya dijual melalui Loket.com dan gotix.&lt;/li&gt;\r\n &lt;li&gt;Barcode pada tiket ini digunakan sebagai akses masuk.&lt;/li&gt;\r\n &lt;li&gt;1 e-ticket/e-voucher (1 barcode) berlaku untuk 1 orang.&lt;/li&gt;\r\n &lt;li&gt;Barcode bersifat rahasia, tidak boleh rusak dan disebarluaskan kepada siapapun dan ke manapun sampai Anda berhasil masuk ke dalam venue konser.&lt;/li&gt;\r\n &lt;li&gt;Pihak penyelenggara tidak bertanggung jawab apabila e-ticket/e-voucher hilang.&lt;/li&gt;\r\n &lt;li&gt;Barcode yang sudah digunakan oleh orang lai&lt;/li&gt;\r\n&lt;/ol&gt;\r\n', '2020-03-19 17:00:00', 21, 'seocon2020.jpg', 1, NULL, '2020-03-19 10:32:55', '2020-03-19 10:32:55'),
(10, 'Besok Gajian', 'A cookie associated with a cross-site resource at http://ckeditor.com/ was set without the `SameSite` attribute. It has been blocked, as Chrome now only delivers cookies with cross-site requests if they are set with `SameSite=None` and `Secure`. You can review cookies in ', '&lt;p&gt;A cookie associated with a cross-site resource at http://ckeditor.com/ was set without the `SameSite` attribute. It has been blocked, as Chrome now only delivers cookies with cross-site requests if they are set with `SameSite=None` and `Secure`. You can review cookies in A cookie associated with a cross-site resource at http://ckeditor.com/ was set without the `SameSite` attribute. It has been blocked, as Chrome now only delivers cookies with cross-site requests if they are set with `SameSite=None` and `Secure`. You can review cookies in A cookie associated with a cross-site resource at http://ckeditor.com/ was set without the `SameSite` attribute. It has been blocked, as Chrome now only delivers cookies with cross-site requests if they are set with `SameSite=None` and `Secure`. You can review cookies in &lt;/p&gt;\r\n', '2020-03-23 17:00:00', 25, 'besokgajian.jpg', 1, NULL, '2020-03-19 10:51:17', '2020-03-19 10:51:17'),
(11, 'Besok Gajian', 'A cookie associated with a cross-site resource at http://ckeditor.com/ was set without the `SameSite` attribute. It has been blocked, as Chrome now only delivers cookies with cross-site requests if they are set with `SameSite=None` and `Secure`. You can review cookies in ', '&lt;p&gt;A cookie associated with a cross-site resource at http://ckeditor.com/ was set without the `SameSite` attribute. It has been blocked, as Chrome now only delivers cookies with cross-site requests if they are set with `SameSite=None` and `Secure`. You can review cookies in A cookie associated with a cross-site resource at http://ckeditor.com/ was set without the `SameSite` attribute. It has been blocked, as Chrome now only delivers cookies with cross-site requests if they are set with `SameSite=None` and `Secure`. You can review cookies in A cookie associated with a cross-site resource at http://ckeditor.com/ was set without the `SameSite` attribute. It has been blocked, as Chrome now only delivers cookies with cross-site requests if they are set with `SameSite=None` and `Secure`. You can review cookies in &lt;/p&gt;\r\n', '2020-04-23 17:00:00', 25, 'besokgajian.jpg', 1, NULL, '2020-03-19 10:51:17', '2020-03-19 10:51:17'),
(12, 'SEO CON 2020', 'SEOCon 2020 digelar dengan upgrade yang jauh lebih besar sebanyak 3.000 audiens dan skala yang memcakup Asia Tenggara. Mengusung tema One day conference dan one day free workshop,  SEOCon 2020 mendatangkan para pakar SEO dari dalam dan luar negeri yang antara lain Neil Patel (salah satu pakar SEO terbaik), Jono Alderson dari Yoast, Jon Earnshaw dari Pi Datametrics, hingga Fabian Lim yang merupakan pakar SEO terkenal.', '&lt;p&gt;SEOCon 2020 ada konferensi lanjutan acara tahunan yang sebelumnya pertama kali diadakan pada Maret 2019 dengan mendatangkan lebih dari 450 audiens.&lt;/p&gt;\r\n\r\n&lt;p&gt;SEOCon 2020 digelar dengan upgrade yang jauh lebih besar sebanyak 3.000 audiens dan skala yang memcakup Asia Tenggara. Mengusung tema One day conference dan one day free workshop,  SEOCon 2020 mendatangkan para pakar SEO dari dalam dan luar negeri yang antara lain Neil Patel (salah satu pakar SEO terbaik), Jono Alderson dari Yoast, Jon Earnshaw dari Pi Datametrics, hingga Fabian Lim yang merupakan pakar SEO terkenal.&lt;/p&gt;\r\n\r\n&lt;p&gt;Tidak hanya itu, SEOCON 2020 juga akan turut diramaikan oleh JC Carlos, Head SEO Traveloka; Reza Putra, SEO Lead Tokopedia; serta Ryan Kristo Muljono, pencetus SEOCON dan pendiri ToffeeDev serta lebih dari 10 pakar SEO lain nya yang turut mengisi workshop pada hari kedua.&lt;/p&gt;\r\n\r\n&lt;p&gt;&lt;br&gt;\r\n &lt;/p&gt;\r\n\r\n&lt;p&gt; &lt;/p&gt;\r\n\r\n&lt;p&gt;&lt;strong&gt;SYARAT &amp; KETENTUAN&lt;/strong&gt;&lt;/p&gt;\r\n\r\n&lt;ol&gt;\r\n &lt;li&gt;Tiket secara resmi hanya dijual melalui Loket.com dan gotix.&lt;/li&gt;\r\n &lt;li&gt;Barcode pada tiket ini digunakan sebagai akses masuk.&lt;/li&gt;\r\n &lt;li&gt;1 e-ticket/e-voucher (1 barcode) berlaku untuk 1 orang.&lt;/li&gt;\r\n &lt;li&gt;Barcode bersifat rahasia, tidak boleh rusak dan disebarluaskan kepada siapapun dan ke manapun sampai Anda berhasil masuk ke dalam venue konser.&lt;/li&gt;\r\n &lt;li&gt;Pihak penyelenggara tidak bertanggung jawab apabila e-ticket/e-voucher hilang.&lt;/li&gt;\r\n &lt;li&gt;Barcode yang sudah digunakan oleh orang lai&lt;/li&gt;\r\n&lt;/ol&gt;\r\n', '2020-04-08 17:00:00', 21, 'seocon2020.jpg', 1, NULL, '2020-03-19 10:32:55', '2020-03-19 10:32:55'),
(13, 'SEO CON 2020', 'SEOCon 2020 digelar dengan upgrade yang jauh lebih besar sebanyak 3.000 audiens dan skala yang memcakup Asia Tenggara. Mengusung tema One day conference dan one day free workshop,  SEOCon 2020 mendatangkan para pakar SEO dari dalam dan luar negeri yang antara lain Neil Patel (salah satu pakar SEO terbaik), Jono Alderson dari Yoast, Jon Earnshaw dari Pi Datametrics, hingga Fabian Lim yang merupakan pakar SEO terkenal.', '&lt;p&gt;SEOCon 2020 ada konferensi lanjutan acara tahunan yang sebelumnya pertama kali diadakan pada Maret 2019 dengan mendatangkan lebih dari 450 audiens.&lt;/p&gt;\r\n\r\n&lt;p&gt;SEOCon 2020 digelar dengan upgrade yang jauh lebih besar sebanyak 3.000 audiens dan skala yang memcakup Asia Tenggara. Mengusung tema One day conference dan one day free workshop,  SEOCon 2020 mendatangkan para pakar SEO dari dalam dan luar negeri yang antara lain Neil Patel (salah satu pakar SEO terbaik), Jono Alderson dari Yoast, Jon Earnshaw dari Pi Datametrics, hingga Fabian Lim yang merupakan pakar SEO terkenal.&lt;/p&gt;\r\n\r\n&lt;p&gt;Tidak hanya itu, SEOCON 2020 juga akan turut diramaikan oleh JC Carlos, Head SEO Traveloka; Reza Putra, SEO Lead Tokopedia; serta Ryan Kristo Muljono, pencetus SEOCON dan pendiri ToffeeDev serta lebih dari 10 pakar SEO lain nya yang turut mengisi workshop pada hari kedua.&lt;/p&gt;\r\n\r\n&lt;p&gt;&lt;br&gt;\r\n &lt;/p&gt;\r\n\r\n&lt;p&gt; &lt;/p&gt;\r\n\r\n&lt;p&gt;&lt;strong&gt;SYARAT &amp; KETENTUAN&lt;/strong&gt;&lt;/p&gt;\r\n\r\n&lt;ol&gt;\r\n &lt;li&gt;Tiket secara resmi hanya dijual melalui Loket.com dan gotix.&lt;/li&gt;\r\n &lt;li&gt;Barcode pada tiket ini digunakan sebagai akses masuk.&lt;/li&gt;\r\n &lt;li&gt;1 e-ticket/e-voucher (1 barcode) berlaku untuk 1 orang.&lt;/li&gt;\r\n &lt;li&gt;Barcode bersifat rahasia, tidak boleh rusak dan disebarluaskan kepada siapapun dan ke manapun sampai Anda berhasil masuk ke dalam venue konser.&lt;/li&gt;\r\n &lt;li&gt;Pihak penyelenggara tidak bertanggung jawab apabila e-ticket/e-voucher hilang.&lt;/li&gt;\r\n &lt;li&gt;Barcode yang sudah digunakan oleh orang lai&lt;/li&gt;\r\n&lt;/ol&gt;\r\n', '2020-03-19 17:00:00', 21, 'seocon2020.jpg', 1, NULL, '2020-03-19 10:32:55', '2020-03-19 10:32:55'),
(14, 'Besok Gajian', 'A cookie associated with a cross-site resource at http://ckeditor.com/ was set without the `SameSite` attribute. It has been blocked, as Chrome now only delivers cookies with cross-site requests if they are set with `SameSite=None` and `Secure`. You can review cookies in ', '&lt;p&gt;A cookie associated with a cross-site resource at http://ckeditor.com/ was set without the `SameSite` attribute. It has been blocked, as Chrome now only delivers cookies with cross-site requests if they are set with `SameSite=None` and `Secure`. You can review cookies in A cookie associated with a cross-site resource at http://ckeditor.com/ was set without the `SameSite` attribute. It has been blocked, as Chrome now only delivers cookies with cross-site requests if they are set with `SameSite=None` and `Secure`. You can review cookies in A cookie associated with a cross-site resource at http://ckeditor.com/ was set without the `SameSite` attribute. It has been blocked, as Chrome now only delivers cookies with cross-site requests if they are set with `SameSite=None` and `Secure`. You can review cookies in &lt;/p&gt;\r\n', '2020-03-23 17:00:00', 25, 'besokgajian.jpg', 1, NULL, '2020-03-19 10:51:17', '2020-03-19 10:51:17'),
(15, 'Besok Gajian', 'A cookie associated with a cross-site resource at http://ckeditor.com/ was set without the `SameSite` attribute. It has been blocked, as Chrome now only delivers cookies with cross-site requests if they are set with `SameSite=None` and `Secure`. You can review cookies in ', '&lt;p&gt;A cookie associated with a cross-site resource at http://ckeditor.com/ was set without the `SameSite` attribute. It has been blocked, as Chrome now only delivers cookies with cross-site requests if they are set with `SameSite=None` and `Secure`. You can review cookies in A cookie associated with a cross-site resource at http://ckeditor.com/ was set without the `SameSite` attribute. It has been blocked, as Chrome now only delivers cookies with cross-site requests if they are set with `SameSite=None` and `Secure`. You can review cookies in A cookie associated with a cross-site resource at http://ckeditor.com/ was set without the `SameSite` attribute. It has been blocked, as Chrome now only delivers cookies with cross-site requests if they are set with `SameSite=None` and `Secure`. You can review cookies in &lt;/p&gt;\r\n', '2020-04-23 17:00:00', 25, 'besokgajian.jpg', 1, NULL, '2020-03-19 10:51:17', '2020-03-19 10:51:17'),
(16, 'SEO CON 2020', 'SEOCon 2020 digelar dengan upgrade yang jauh lebih besar sebanyak 3.000 audiens dan skala yang memcakup Asia Tenggara. Mengusung tema One day conference dan one day free workshop,  SEOCon 2020 mendatangkan para pakar SEO dari dalam dan luar negeri yang antara lain Neil Patel (salah satu pakar SEO terbaik), Jono Alderson dari Yoast, Jon Earnshaw dari Pi Datametrics, hingga Fabian Lim yang merupakan pakar SEO terkenal.', '&lt;p&gt;SEOCon 2020 ada konferensi lanjutan acara tahunan yang sebelumnya pertama kali diadakan pada Maret 2019 dengan mendatangkan lebih dari 450 audiens.&lt;/p&gt;\r\n\r\n&lt;p&gt;SEOCon 2020 digelar dengan upgrade yang jauh lebih besar sebanyak 3.000 audiens dan skala yang memcakup Asia Tenggara. Mengusung tema One day conference dan one day free workshop,  SEOCon 2020 mendatangkan para pakar SEO dari dalam dan luar negeri yang antara lain Neil Patel (salah satu pakar SEO terbaik), Jono Alderson dari Yoast, Jon Earnshaw dari Pi Datametrics, hingga Fabian Lim yang merupakan pakar SEO terkenal.&lt;/p&gt;\r\n\r\n&lt;p&gt;Tidak hanya itu, SEOCON 2020 juga akan turut diramaikan oleh JC Carlos, Head SEO Traveloka; Reza Putra, SEO Lead Tokopedia; serta Ryan Kristo Muljono, pencetus SEOCON dan pendiri ToffeeDev serta lebih dari 10 pakar SEO lain nya yang turut mengisi workshop pada hari kedua.&lt;/p&gt;\r\n\r\n&lt;p&gt;&lt;br&gt;\r\n &lt;/p&gt;\r\n\r\n&lt;p&gt; &lt;/p&gt;\r\n\r\n&lt;p&gt;&lt;strong&gt;SYARAT &amp; KETENTUAN&lt;/strong&gt;&lt;/p&gt;\r\n\r\n&lt;ol&gt;\r\n &lt;li&gt;Tiket secara resmi hanya dijual melalui Loket.com dan gotix.&lt;/li&gt;\r\n &lt;li&gt;Barcode pada tiket ini digunakan sebagai akses masuk.&lt;/li&gt;\r\n &lt;li&gt;1 e-ticket/e-voucher (1 barcode) berlaku untuk 1 orang.&lt;/li&gt;\r\n &lt;li&gt;Barcode bersifat rahasia, tidak boleh rusak dan disebarluaskan kepada siapapun dan ke manapun sampai Anda berhasil masuk ke dalam venue konser.&lt;/li&gt;\r\n &lt;li&gt;Pihak penyelenggara tidak bertanggung jawab apabila e-ticket/e-voucher hilang.&lt;/li&gt;\r\n &lt;li&gt;Barcode yang sudah digunakan oleh orang lai&lt;/li&gt;\r\n&lt;/ol&gt;\r\n', '2020-04-08 17:00:00', 21, 'seocon2020.jpg', 1, NULL, '2020-03-19 10:32:55', '2020-03-19 10:32:55');

-- --------------------------------------------------------

--
-- Table structure for table `training_external`
--

CREATE TABLE `training_external` (
  `id` int(11) NOT NULL,
  `id_user` int(11) NOT NULL,
  `path_file` longtext NOT NULL,
  `status` enum('submitted','approved','rejected') NOT NULL DEFAULT 'submitted',
  `created_at` timestamp NOT NULL DEFAULT current_timestamp()
) ENGINE=InnoDB DEFAULT CHARSET=utf8mb4;

--
-- Dumping data for table `training_external`
--

INSERT INTO `training_external` (`id`, `id_user`, `path_file`, `status`, `created_at`) VALUES
(2, 4, '5e8025ede86d0.xlsx', 'submitted', '2020-03-29 04:37:01');

-- --------------------------------------------------------

--
-- Table structure for table `training_image`
--

CREATE TABLE `training_image` (
  `id` int(11) NOT NULL,
  `id_training` int(11) NOT NULL,
  `path` longtext NOT NULL,
  `token` longtext DEFAULT NULL,
  `created_at` timestamp NOT NULL DEFAULT current_timestamp()
) ENGINE=InnoDB DEFAULT CHARSET=utf8mb4;

--
-- Dumping data for table `training_image`
--

INSERT INTO `training_image` (`id`, `id_training`, `path`, `token`, `created_at`) VALUES
(1, 4, 'shutterstock_439422121.jpg', '0.2742272745035321', '2020-03-29 06:51:13'),
(2, 4, 'shutterstock_1223394526.jpg', '0.5700558923464849', '2020-03-29 06:51:13'),
(3, 4, 'shutterstock_1550076872-min.jpg', '0.07008776356407953', '2020-03-29 06:51:14');

-- --------------------------------------------------------

--
-- Table structure for table `training_participant`
--

CREATE TABLE `training_participant` (
  `id` int(11) NOT NULL,
  `id_training` int(10) UNSIGNED NOT NULL,
  `id_users` int(10) UNSIGNED NOT NULL,
  `status` tinyint(1) NOT NULL,
  `created_at` timestamp NOT NULL DEFAULT current_timestamp() ON UPDATE current_timestamp()
) ENGINE=MyISAM DEFAULT CHARSET=latin1;

--
-- Dumping data for table `training_participant`
--

INSERT INTO `training_participant` (`id`, `id_training`, `id_users`, `status`, `created_at`) VALUES
(1, 1, 3, 1, '2020-03-21 02:31:41'),
(9, 4, 4, 1, '2020-03-21 02:31:41');

-- --------------------------------------------------------

--
-- Table structure for table `users`
--

CREATE TABLE `users` (
  `id` int(11) UNSIGNED NOT NULL,
  `first_name` text COLLATE utf8_unicode_ci DEFAULT NULL,
  `last_name` varchar(255) COLLATE utf8_unicode_ci DEFAULT NULL,
  `email` varchar(50) COLLATE utf8_unicode_ci DEFAULT NULL,
  `password` varchar(255) COLLATE utf8_unicode_ci DEFAULT NULL,
  `social_links` longtext COLLATE utf8_unicode_ci DEFAULT NULL,
  `biography` longtext COLLATE utf8_unicode_ci DEFAULT NULL,
  `role_id` int(11) DEFAULT NULL,
  `date_added` int(11) DEFAULT NULL,
  `last_modified` int(11) DEFAULT NULL,
  `watch_history` longtext COLLATE utf8_unicode_ci DEFAULT NULL,
  `wishlist` longtext COLLATE utf8_unicode_ci DEFAULT NULL,
  `title` longtext COLLATE utf8_unicode_ci DEFAULT NULL,
  `paypal_keys` longtext COLLATE utf8_unicode_ci DEFAULT NULL,
  `stripe_keys` longtext COLLATE utf8_unicode_ci DEFAULT NULL,
  `verification_code` longtext COLLATE utf8_unicode_ci DEFAULT NULL,
  `status` int(11) DEFAULT NULL,
  `parent_id` int(11) DEFAULT NULL,
  `occupation` enum('non staff','staff','supervisor','manager','senior manager','vice president') COLLATE utf8_unicode_ci DEFAULT NULL,
  `position` text COLLATE utf8_unicode_ci NOT NULL
) ENGINE=InnoDB DEFAULT CHARSET=utf8 COLLATE=utf8_unicode_ci;

--
-- Dumping data for table `users`
--

INSERT INTO `users` (`id`, `first_name`, `last_name`, `email`, `password`, `social_links`, `biography`, `role_id`, `date_added`, `last_modified`, `watch_history`, `wishlist`, `title`, `paypal_keys`, `stripe_keys`, `verification_code`, `status`, `parent_id`, `occupation`, `position`) VALUES
(1, 'admin', 'tunas', 'admin@example.com', 'd033e22ae348aeb5660fc2140aec35850c4da997', '{\"facebook\":\"-\",\"twitter\":\"-\",\"linkedin\":\"-\"}', '<p>-<br></p>', 1, NULL, 1580351060, 'null', NULL, '-', '[{\"production_client_id\":null}]', '[{\"public_live_key\":null,\"secret_live_key\":null}]', NULL, 1, NULL, NULL, ''),
(3, 'Rizki ', 'Iskandar', 'rizki@example.com', 'd033e22ae348aeb5660fc2140aec35850c4da997', '{\"facebook\":\"\",\"twitter\":\"\",\"linkedin\":\"\"}', '', 2, 1580353345, NULL, '[]', '[]', NULL, '[{\"production_client_id\":\"\"}]', '[{\"public_live_key\":\"\",\"secret_live_key\":\"\"}]', NULL, 1, NULL, NULL, ''),
(4, 'Arif ', 'Widiyatmiko', 'arif@example.com', 'd033e22ae348aeb5660fc2140aec35850c4da997', '{\"facebook\":\"\",\"twitter\":\"\",\"linkedin\":\"\"}', '', 2, 1580353345, NULL, '[{\"lesson_id\":\"5\",\"progress\":\"1\"}]', '[]', NULL, '[{\"production_client_id\":\"\"}]', '[{\"public_live_key\":\"\",\"secret_live_key\":\"\"}]', NULL, 1, 8, NULL, ''),
(5, 'Prima ', 'sALAMA', 'prima@example.com', 'd033e22ae348aeb5660fc2140aec35850c4da997', '{\"facebook\":\"\",\"twitter\":\"\",\"linkedin\":\"\"}', '', 2, 1580353345, NULL, '[]', '[]', NULL, '[{\"production_client_id\":\"\"}]', '[{\"public_live_key\":\"\",\"secret_live_key\":\"\"}]', NULL, 1, NULL, NULL, ''),
(6, 'Amin', 'Shaum', 'amin@example.com', 'd033e22ae348aeb5660fc2140aec35850c4da997', '{\"facebook\":\"\",\"twitter\":\"\",\"linkedin\":\"\"}', '<p>nashdo hasiohdo ashdhas ohdoashdo hs</p><p><br></p><p>asod h aosjdoahsodhaosd</p><p><br></p><p>hdasidh oashjdop</p>', 2, 1588345635, NULL, '[]', '[]', NULL, '[{\"production_client_id\":null}]', '[{\"public_live_key\":null,\"secret_live_key\":null}]', NULL, 1, 1, 'manager', 'Position nih'),
(7, 'meong', 'gendut', 'meong@example.com', 'd033e22ae348aeb5660fc2140aec35850c4da997', '{\"facebook\":\"\",\"twitter\":\"\",\"linkedin\":\"\"}', '<p>oajsdoiajo dj aopsda</p>', 2, 1588847478, 1588852791, '[{\"lesson_id\":\"1\",\"progress\":\"1\"},{\"lesson_id\":\"2\",\"progress\":\"1\"}]', '[]', NULL, '[{\"production_client_id\":null}]', '[{\"public_live_key\":null,\"secret_live_key\":null}]', NULL, 1, 1, 'manager', 'Manager'),
(8, 'Jess No ', 'Limit', 'jess@example.com', 'd033e22ae348aeb5660fc2140aec35850c4da997', '{\"facebook\":\"\",\"twitter\":\"\",\"linkedin\":\"\"}', '<p>baihdo a]alhdo a]dap pasd</p><p><br></p><p>ahopdasd</p>', 2, 1588859626, 1588859716, '[]', '[]', NULL, '[{\"production_client_id\":null}]', '[{\"public_live_key\":null,\"secret_live_key\":null}]', NULL, 1, NULL, 'senior manager', 'Commisioner'),
(9, 'luxxy', 'sdasd', 'luxxy@example.com', 'd033e22ae348aeb5660fc2140aec35850c4da997', '{\"facebook\":\"\",\"twitter\":\"\",\"linkedin\":\"\"}', '<p>asdasd</p>', 2, 1588860859, 1588860879, '[{\"lesson_id\":\"5\",\"progress\":0},{\"lesson_id\":6,\"progress\":0},{\"lesson_id\":\"10\",\"progress\":0}]', '[]', NULL, '[{\"production_client_id\":null}]', '[{\"public_live_key\":null,\"secret_live_key\":null}]', NULL, 1, 8, 'senior manager', 'Presiden directoor');

-- --------------------------------------------------------

--
-- Table structure for table `user_course`
--

CREATE TABLE `user_course` (
  `id_user` int(10) UNSIGNED NOT NULL,
  `id_course` int(10) UNSIGNED NOT NULL,
  `status` tinyint(1) NOT NULL
) ENGINE=InnoDB DEFAULT CHARSET=utf8mb4;

--
-- Dumping data for table `user_course`
--

INSERT INTO `user_course` (`id_user`, `id_course`, `status`) VALUES
(6, 3, 1),
(4, 1, 1),
(4, 3, 1),
(4, 2, 1);

--
-- Indexes for dumped tables
--

--
-- Indexes for table `category`
--
ALTER TABLE `category`
  ADD PRIMARY KEY (`id`);

--
-- Indexes for table `comment`
--
ALTER TABLE `comment`
  ADD PRIMARY KEY (`id`);

--
-- Indexes for table `course`
--
ALTER TABLE `course`
  ADD PRIMARY KEY (`id`);

--
-- Indexes for table `currency`
--
ALTER TABLE `currency`
  ADD PRIMARY KEY (`id`);

--
-- Indexes for table `enrol`
--
ALTER TABLE `enrol`
  ADD PRIMARY KEY (`id`);

--
-- Indexes for table `frontend_settings`
--
ALTER TABLE `frontend_settings`
  ADD PRIMARY KEY (`id`);

--
-- Indexes for table `innovation`
--
ALTER TABLE `innovation`
  ADD PRIMARY KEY (`id`);

--
-- Indexes for table `innovation_company`
--
ALTER TABLE `innovation_company`
  ADD PRIMARY KEY (`id`);

--
-- Indexes for table `language`
--
ALTER TABLE `language`
  ADD PRIMARY KEY (`phrase_id`);

--
-- Indexes for table `lesson`
--
ALTER TABLE `lesson`
  ADD PRIMARY KEY (`id`);

--
-- Indexes for table `message`
--
ALTER TABLE `message`
  ADD PRIMARY KEY (`message_id`);

--
-- Indexes for table `message_thread`
--
ALTER TABLE `message_thread`
  ADD PRIMARY KEY (`message_thread_id`);

--
-- Indexes for table `payment`
--
ALTER TABLE `payment`
  ADD PRIMARY KEY (`id`);

--
-- Indexes for table `question`
--
ALTER TABLE `question`
  ADD PRIMARY KEY (`id`);

--
-- Indexes for table `quiz_history`
--
ALTER TABLE `quiz_history`
  ADD PRIMARY KEY (`id`);

--
-- Indexes for table `rating`
--
ALTER TABLE `rating`
  ADD PRIMARY KEY (`id`);

--
-- Indexes for table `role`
--
ALTER TABLE `role`
  ADD PRIMARY KEY (`id`);

--
-- Indexes for table `section`
--
ALTER TABLE `section`
  ADD PRIMARY KEY (`id`);

--
-- Indexes for table `settings`
--
ALTER TABLE `settings`
  ADD PRIMARY KEY (`id`);

--
-- Indexes for table `tag`
--
ALTER TABLE `tag`
  ADD PRIMARY KEY (`id`);

--
-- Indexes for table `take_lesson`
--
ALTER TABLE `take_lesson`
  ADD PRIMARY KEY (`id`);

--
-- Indexes for table `training`
--
ALTER TABLE `training`
  ADD PRIMARY KEY (`id`);

--
-- Indexes for table `training_external`
--
ALTER TABLE `training_external`
  ADD PRIMARY KEY (`id`);

--
-- Indexes for table `training_image`
--
ALTER TABLE `training_image`
  ADD PRIMARY KEY (`id`);

--
-- Indexes for table `training_participant`
--
ALTER TABLE `training_participant`
  ADD PRIMARY KEY (`id`);

--
-- Indexes for table `users`
--
ALTER TABLE `users`
  ADD PRIMARY KEY (`id`);

--
-- AUTO_INCREMENT for dumped tables
--

--
-- AUTO_INCREMENT for table `category`
--
ALTER TABLE `category`
  MODIFY `id` int(11) UNSIGNED NOT NULL AUTO_INCREMENT, AUTO_INCREMENT=4;

--
-- AUTO_INCREMENT for table `comment`
--
ALTER TABLE `comment`
  MODIFY `id` int(11) UNSIGNED NOT NULL AUTO_INCREMENT;

--
-- AUTO_INCREMENT for table `course`
--
ALTER TABLE `course`
  MODIFY `id` int(11) UNSIGNED NOT NULL AUTO_INCREMENT, AUTO_INCREMENT=6;

--
-- AUTO_INCREMENT for table `currency`
--
ALTER TABLE `currency`
  MODIFY `id` int(11) NOT NULL AUTO_INCREMENT, AUTO_INCREMENT=113;

--
-- AUTO_INCREMENT for table `enrol`
--
ALTER TABLE `enrol`
  MODIFY `id` int(11) UNSIGNED NOT NULL AUTO_INCREMENT, AUTO_INCREMENT=23;

--
-- AUTO_INCREMENT for table `frontend_settings`
--
ALTER TABLE `frontend_settings`
  MODIFY `id` int(11) UNSIGNED NOT NULL AUTO_INCREMENT, AUTO_INCREMENT=14;

--
-- AUTO_INCREMENT for table `innovation`
--
ALTER TABLE `innovation`
  MODIFY `id` int(11) NOT NULL AUTO_INCREMENT;

--
-- AUTO_INCREMENT for table `innovation_company`
--
ALTER TABLE `innovation_company`
  MODIFY `id` int(11) NOT NULL AUTO_INCREMENT, AUTO_INCREMENT=26;

--
-- AUTO_INCREMENT for table `language`
--
ALTER TABLE `language`
  MODIFY `phrase_id` int(11) NOT NULL AUTO_INCREMENT, AUTO_INCREMENT=594;

--
-- AUTO_INCREMENT for table `lesson`
--
ALTER TABLE `lesson`
  MODIFY `id` int(11) UNSIGNED NOT NULL AUTO_INCREMENT, AUTO_INCREMENT=11;

--
-- AUTO_INCREMENT for table `message`
--
ALTER TABLE `message`
  MODIFY `message_id` int(11) NOT NULL AUTO_INCREMENT, AUTO_INCREMENT=3;

--
-- AUTO_INCREMENT for table `message_thread`
--
ALTER TABLE `message_thread`
  MODIFY `message_thread_id` int(11) NOT NULL AUTO_INCREMENT, AUTO_INCREMENT=3;

--
-- AUTO_INCREMENT for table `payment`
--
ALTER TABLE `payment`
  MODIFY `id` int(11) UNSIGNED NOT NULL AUTO_INCREMENT;

--
-- AUTO_INCREMENT for table `question`
--
ALTER TABLE `question`
  MODIFY `id` int(11) UNSIGNED NOT NULL AUTO_INCREMENT, AUTO_INCREMENT=5;

--
-- AUTO_INCREMENT for table `quiz_history`
--
ALTER TABLE `quiz_history`
  MODIFY `id` int(11) NOT NULL AUTO_INCREMENT, AUTO_INCREMENT=62;

--
-- AUTO_INCREMENT for table `rating`
--
ALTER TABLE `rating`
  MODIFY `id` int(11) UNSIGNED NOT NULL AUTO_INCREMENT;

--
-- AUTO_INCREMENT for table `role`
--
ALTER TABLE `role`
  MODIFY `id` int(11) UNSIGNED NOT NULL AUTO_INCREMENT, AUTO_INCREMENT=3;

--
-- AUTO_INCREMENT for table `section`
--
ALTER TABLE `section`
  MODIFY `id` int(11) NOT NULL AUTO_INCREMENT, AUTO_INCREMENT=7;

--
-- AUTO_INCREMENT for table `settings`
--
ALTER TABLE `settings`
  MODIFY `id` int(11) UNSIGNED NOT NULL AUTO_INCREMENT, AUTO_INCREMENT=32;

--
-- AUTO_INCREMENT for table `tag`
--
ALTER TABLE `tag`
  MODIFY `id` int(11) UNSIGNED NOT NULL AUTO_INCREMENT;

--
-- AUTO_INCREMENT for table `take_lesson`
--
ALTER TABLE `take_lesson`
  MODIFY `id` int(11) NOT NULL AUTO_INCREMENT, AUTO_INCREMENT=6;

--
-- AUTO_INCREMENT for table `training`
--
ALTER TABLE `training`
  MODIFY `id` int(11) NOT NULL AUTO_INCREMENT, AUTO_INCREMENT=17;

--
-- AUTO_INCREMENT for table `training_external`
--
ALTER TABLE `training_external`
  MODIFY `id` int(11) NOT NULL AUTO_INCREMENT, AUTO_INCREMENT=3;

--
-- AUTO_INCREMENT for table `training_image`
--
ALTER TABLE `training_image`
  MODIFY `id` int(11) NOT NULL AUTO_INCREMENT, AUTO_INCREMENT=4;

--
-- AUTO_INCREMENT for table `training_participant`
--
ALTER TABLE `training_participant`
  MODIFY `id` int(11) NOT NULL AUTO_INCREMENT, AUTO_INCREMENT=10;

--
-- AUTO_INCREMENT for table `users`
--
ALTER TABLE `users`
  MODIFY `id` int(11) UNSIGNED NOT NULL AUTO_INCREMENT, AUTO_INCREMENT=10;
COMMIT;

/*!40101 SET CHARACTER_SET_CLIENT=@OLD_CHARACTER_SET_CLIENT */;
/*!40101 SET CHARACTER_SET_RESULTS=@OLD_CHARACTER_SET_RESULTS */;
/*!40101 SET COLLATION_CONNECTION=@OLD_COLLATION_CONNECTION */;
